job_name,job_region,job_company,job_company_type,job_company_financ,job_company_pernum,job_salary,job_experience,job_edu
python,西安 长安区 王寺,软通动力,计算机软件,已上市,10000人以上,7-12K,1-3年,本科
Python,南京 建邺区 奥体,万得,数据服务,不需要融资,1000-9999人,10-15K,1年以内,本科
Python,南京 鼓楼区 湖南路,法信,互联网金融,不需要融资,1000-9999人,10-20K,1-3年,大专
Python,深圳  ,软通动力,计算机软件,已上市,10000人以上,10-20K,3-5年,本科
Python,沈阳  ,筑梦园,互联网,未融资,500-999人,5-9K,1-3年,本科
Python,西安 雁塔区 ,中软国际,计算机软件,已上市,10000人以上,7-14K,1-3年,本科
python,上海  ,汉克时代,互联网,未融资,1000-9999人,13-17K,3-5年,本科
Python,合肥  ,神州信息,计算机软件,已上市,1000-9999人,6-11K,1-3年,本科
python,大连  ,纬创软件,计算机软件,已上市,1000-9999人,8-12K·14薪,5-10年,本科
python,深圳 龙岗区 坂田,软通动力,计算机软件,已上市,10000人以上,10-20K,3-5年,本科
Python,西安 雁塔区 ,中软国际,互联网,已上市,10000人以上,7-14K,3-5年,本科
python,杭州 西湖区 西溪,博彦科技,计算机软件,已上市,1000-9999人,12-18K,3-5年,大专
Python,北京 朝阳区 百子湾,掌阅科技,互联网,已上市,500-999人,15-25K,1-3年,本科
python,深圳 福田区 购物公园,深圳国开创新科技,移动互联网,不需要融资,500-999人,8-13K,3-5年,本科
Python,杭州 西湖区 转塘,中软国际,计算机软件,已上市,10000人以上,11-18K,3-5年,大专
python,上海 浦东新区 金桥,软通动力,计算机软件,已上市,10000人以上,8-15K,1-3年,本科
Python,西安 长安区 王寺,软通动力,计算机软件,已上市,10000人以上,7-14K,1-3年,本科
Python,成都  ,软通动力,计算机软件,已上市,10000人以上,10-15K,3-5年,本科
Python,西安 雁塔区 ,中软国际,计算机软件,已上市,10000人以上,8-16K,经验不限,本科
python,杭州 西湖区 转塘,软通动力,计算机软件,已上市,10000人以上,15-20K,3-5年,大专
Python,南京 江宁区 大学城,软通动力,计算机软件,已上市,10000人以上,10-15K,1-3年,本科
Python,北京 西城区 陶然亭,深信服科技,计算机软件,已上市,1000-9999人,15-30K,1年以内,本科
python,天津 滨海新区 开发区,富士康,互联网,已上市,10000人以上,10-15K,5-10年,本科
python,成都 武侯区 ,追越科技,移动互联网,未融资,100-499人,6-12K,3-5年,大专
Python,南京 玄武区 珠江路,奥本景观规划设计,工程施工,天使轮,20-99人,4-8K,经验不限,本科
Python,北京 朝阳区 望京,茂逊,电子商务,C轮,500-999人,15-25K·14薪,1-3年,本科
Python爬虫,深圳 龙岗区 坂田,软通动力,计算机软件,已上市,10000人以上,15-30K,3-5年,本科
Python,北京 海淀区 四季青,首云融金,互联网,已上市,100-499人,15-20K,5-10年,大专
Python,南京 江宁区 大学城,软通动力信息技术集团,计算机软件,不需要融资,10000人以上,8-13K,3-5年,本科
python,东莞  ,软通动力,计算机软件,已上市,10000人以上,9-15K,1-3年,本科
Python,北京 东城区 广渠门,东方金信,计算机软件,B轮,100-499人,8-13K,3-5年,本科
Python,北京 西城区 陶然亭,深信服科技,计算机软件,已上市,1000-9999人,15-30K,1年以内,本科
Python,北京  ,金风科技,计算机软件,已上市,1000-9999人,15-30K,3-5年,本科
Python,北京 丰台区 科技园区,中金标准数据,数据服务,B轮,20-99人,10-20K,1-3年,本科
Python,北京 朝阳区 来广营,泽创天成,医疗健康,天使轮,20-99人,16-30K,3-5年,本科
python,北京 昌平区 回龙观,美洽,互联网,B轮,100-499人,15-25K,经验不限,本科
Python,北京 顺义区 后沙峪,人人有信,数据服务,不需要融资,500-999人,8-15K,3-5年,本科
Python,北京 东城区 东直门,艾唯博瑞,互联网,未融资,20-99人,15-25K,5-10年,本科
Python,北京 海淀区 上地,Aibee,互联网,A轮,100-499人,20-40K,3-5年,本科
Python讲师,北京 昌平区 沙河,老男孩IT教育,在线教育,不需要融资,100-499人,20-25K,1-3年,本科
Python,北京 海淀区 四季青,首云融金,互联网,已上市,100-499人,15-20K,5-10年,大专
python工程师,北京 朝阳区 北苑,58到家,互联网,B轮,1000-9999人,30-60K,5-10年,本科
Python,北京 朝阳区 望京,茂逊,电子商务,C轮,500-999人,15-25K·14薪,1-3年,本科
Python web项目讲师,北京 昌平区 北七家,传智播客,在线教育,已上市,1000-9999人,30-35K,3-5年,大专
Python,北京 海淀区 学院路,志翔科技,信息安全,B轮,100-499人,15-25K,经验不限,本科
Lead Python Engineer,北京 朝阳区 三元桥,FreeWheel,互联网,已上市,500-999人,35-44K,5-10年,本科
python编程老师,北京 朝阳区 东大桥,傲梦网络科技,在线教育,B轮,500-999人,5-9K,经验不限,本科
Python,北京 海淀区 西直门,安码科技,计算机软件,不需要融资,100-499人,15-20K,3-5年,本科
高级Python后端工程师,北京 海淀区 中关村,旷视科技,移动互联网,C轮,1000-9999人,20-40K,3-5年,本科
高级python工程师,北京 海淀区 四季青,首都在线,互联网,C轮,500-999人,20-35K,5-10年,本科
python后台开发,北京 海淀区 上地,小米,互联网,已上市,10000人以上,20-40K,5-10年,本科
Python,北京 朝阳区 北苑,安知信息,企业服务,未融资,0-20人,15-25K,3-5年,本科
python助理讲师,北京 海淀区 大钟寺,达内集团,在线教育,已上市,1000-9999人,9-11K,1-3年,本科
服务端Python实习生,北京 朝阳区 大山子,奇虎360,互联网,已上市,1000-9999人,3-4K,应届生,本科
Python,北京 海淀区 五道口,滴滴出行,移动互联网,D轮及以上,1000-9999人,30-60K,3-5年,本科
视频抓取-Python工程师,北京 朝阳区 望京,一点资讯,移动互联网,D轮及以上,500-999人,20-38K,1-3年,硕士
Python开发工程师,北京 东城区 北新桥,松鼠拼拼,移动互联网,B轮,1000-9999人,20-40K·15薪,3-5年,本科
python,北京 海淀区 马连洼,滴滴出行,移动互联网,D轮及以上,1000-9999人,30-45K,5-10年,本科
Python,北京 海淀区 万寿路,BoringKillerLtd,移动互联网,天使轮,20-99人,20-25K,3-5年,本科
python,上海 浦东新区 金桥,软通动力,计算机软件,已上市,10000人以上,8-15K,1-3年,本科
python,上海  ,汉克时代,互联网,未融资,1000-9999人,13-17K,3-5年,本科
Python,上海 普陀区 真如,格略,咨询,未融资,20-99人,15-19K,5-10年,本科
资深Python工程师,上海 浦东新区 张江,传音控股,移动互联网,不需要融资,10000人以上,15-25K,3-5年,本科
python工程师,上海 浦东新区 世纪公园,大查柜,互联网,不需要融资,500-999人,10-12K,1年以内,大专
Python课程研发,上海  ,傲梦网络科技,在线教育,B轮,500-999人,8-12K,1-3年,本科
Python,上海 浦东新区 张江,斗象科技,信息安全,B轮,100-499人,15-30K,1-3年,大专
Python自动化测试,上海 浦东新区 金桥,软通动力,计算机软件,已上市,10000人以上,8-13K,1-3年,本科
python开发,上海 闵行区 老闵行,文思海辉,计算机软件,已上市,10000人以上,12-19K,1-3年,大专
Python编程教学,上海 浦东新区 联洋,乐博机器人,在线教育,不需要融资,1000-9999人,5-10K,经验不限,本科
Python工程师,上海 闵行区 梅陇,国民健康科技,数据服务,天使轮,100-499人,20-40K·15薪,3-5年,本科
Python 课程研发员,上海 长宁区 北新泾,傲梦网络科技,在线教育,B轮,500-999人,8-10K,1-3年,本科
Python,上海 静安区 汶水路,路诚,数据服务,未融资,20-99人,10-15K,3-5年,本科
Python Software Engineer,上海 长宁区 北新泾,新拓尼克科技(天...,通信/网络设备,未融资,500-999人,14-20K,3-5年,本科
python工程师,上海 闵行区 虹桥,易路软件,移动互联网,B轮,100-499人,15-20K,3-5年,本科
Python开发工程师,上海 杨浦区 五角场,今日头条,移动互联网,不需要融资,10000人以上,20-40K,3-5年,本科
Python实习,上海 杨浦区 五角场,上海刻契,企业服务,A轮,0-20人,3-4K,经验不限,学历不限
Python讲师,上海 浦东新区 航头,传智播客,在线教育,已上市,1000-9999人,20-40K,3-5年,大专
Python开发工程师,上海 长宁区 北新泾,携程旅行网,互联网,已上市,10000人以上,15-25K,1-3年,本科
Python,上海 浦东新区 张江,微仓网络,计算机软件,天使轮,0-20人,20-40K,5-10年,本科
Python教学讲师,上海 徐汇区 衡山路,小码教育,在线教育,C轮,1000-9999人,8-13K,经验不限,本科
Python老师,上海 长宁区 北新泾,傲梦网络科技,在线教育,B轮,500-999人,6-7K,经验不限,本科
Python,上海 浦东新区 张江,	锻链科技,互联网金融,未融资,0-20人,10-13K,3-5年,本科
Python讲师,上海 青浦区 徐泾,神州视创,在线教育,不需要融资,100-499人,8-16K,1-3年,本科
python研发工程师,上海 徐汇区 漕河泾,上海源石数据,移动互联网,B轮,100-499人,15-30K,3-5年,大专
Python开发工程师,上海 闵行区 静安新城,天玑科技,数据服务,已上市,500-999人,15-25K,1-3年,本科
高级Python工程师,上海 黄浦区 人民广场,S先生,互联网,天使轮,0-20人,18-35K,3-5年,本科
Python 开发,上海 松江区 莘庄,婀娜信息,移动互联网,天使轮,20-99人,15-25K,1-3年,本科
python编程老师,上海 长宁区 北新泾,傲梦网络科技,在线教育,B轮,500-999人,6-11K,经验不限,本科
python开发工程师,上海 浦东新区 张江,天玑科技,数据服务,已上市,500-999人,8-15K,1-3年,大专
Python,广州 天河区 棠下,勤加缘,互联网,未融资,20-99人,3-6K,应届生,本科
Python,广州 越秀区 五羊新城,富融,计算机软件,未融资,20-99人,7-8K,1-3年,大专
Python工程师,广州 天河区 体育中心,嘉为科技,计算机服务,未融资,500-999人,12-18K·13薪,3-5年,本科
Python,广州  ,赛耀网络,移动互联网,不需要融资,0-20人,8-10K,1-3年,本科
Python,广州 海珠区 南洲,微宽信息,移动互联网,天使轮,20-99人,10-18K,3-5年,本科
Python,广州 天河区 棠下,广州力为,移动互联网,天使轮,20-99人,12-15K,1-3年,本科
Python电商程序员,广州 天河区 长兴,古特贸易,电子商务,不需要融资,0-20人,6-11K,经验不限,学历不限
Python开发,广州 番禺区 洛溪,不明觉厉,互联网,不需要融资,0-20人,2-5K,经验不限,学历不限
Python开发工程师,广州 天河区 珠江新城,美亚商旅集团,电子商务,A轮,500-999人,6-12K,1-3年,大专
Python开发工程师,广州 番禺区 大石,浩鲸科技,通信/网络设备,未融资,1000-9999人,12-18K,3-5年,本科
Python,广州  ,奥买家,电子商务,不需要融资,100-499人,15-30K,1-3年,本科
Python实习生,广州 天河区 东圃,广州潮汐信息,数据服务,天使轮,0-20人,1-3K,经验不限,学历不限
python服务端开发工程师,广州 天河区 天河公园,网易游戏,游戏,已上市,10000人以上,15-30K,1-3年,本科
Python开发,广州 天河区 东圃,创梦空间,培训机构,天使轮,20-99人,8-9K,1-3年,大专
Python Web 工程师,广州 海珠区 赤岗,爱范儿,移动互联网,已上市,100-499人,7-14K,1-3年,本科
资深Python爬虫工程师,广州 海珠区 琶洲,Fordeal,电子商务,C轮,500-999人,25-50K,3-5年,本科
Python开发工程师,广州 天河区 天河公园,网易游戏,游戏,已上市,10000人以上,20-30K,3-5年,本科
Python开发工程师,广州 天河区 天河公园,网易游戏,游戏,已上市,10000人以上,15-20K,1-3年,本科
Python开发工程师(高级),广州 天河区 五山,9377游戏,游戏,未融资,500-999人,15-20K,3-5年,本科
Python开发工程师,广州 天河区 东圃,广州潮汐信息,数据服务,天使轮,0-20人,15-20K,3-5年,本科
python开发,广州 天河区 天河公园,要出发周边游,互联网,D轮及以上,500-999人,9-14K,1-3年,本科
Python开发工程师,广州 天河区 石牌,趣丸,移动互联网,不需要融资,100-499人,20-30K,3-5年,本科
python开发工程师,广州  ,多益网络,互联网,不需要融资,1000-9999人,10-15K,1-3年,本科
Python大数据开发工程师,广州 天河区 元岗,广州百伦,电子商务,未融资,100-499人,12-15K,1-3年,本科
Python 工程师,广州 黄埔区 科学城,康云,计算机软件,A轮,20-99人,8-16K,3-5年,本科
Python后端开发工程师,广州 海珠区 琶洲,烹茶科技,社交网络,天使轮,0-20人,14-20K,经验不限,本科
python工程师,广州  ,赛耀网络,移动互联网,不需要融资,0-20人,8-10K,1-3年,大专
Python爬虫研发工程师,广州  ,多益网络,互联网,不需要融资,1000-9999人,10-18K,1-3年,本科
python工程师,广州  ,宏泰环保,其他行业,天使轮,0-20人,6-10K,1-3年,本科
Python,深圳  ,软通动力,计算机软件,已上市,10000人以上,10-20K,3-5年,本科
Python,深圳 南山区 西丽,志鑫信息技术,计算机服务,不需要融资,100-499人,4-9K,1-3年,学历不限
python,深圳 福田区 购物公园,深圳国开创新科技,移动互联网,不需要融资,500-999人,8-13K,3-5年,本科
python,深圳 龙岗区 坂田,软通动力,计算机软件,已上市,10000人以上,10-20K,3-5年,本科
Senior Python Developer,深圳 南山区 科技园,亿磐(系统)深圳,计算机软件,已上市,10000人以上,22-30K,5-10年,本科
python,深圳 龙岗区 坂田,软通动力信息技术集团,计算机软件,不需要融资,10000人以上,8-13K,1-3年,本科
python,深圳 龙岗区 万科,软通动力,计算机软件,已上市,10000人以上,10-20K,3-5年,本科
Python开发,深圳 龙岗区 坂田,软通动力,计算机软件,已上市,10000人以上,13-26K,3-5年,本科
Python,深圳 宝安区 新安,站擎,互联网,不需要融资,100-499人,20-30K,3-5年,本科
Python爬虫,深圳 龙岗区 坂田,软通动力,计算机软件,已上市,10000人以上,15-30K,3-5年,本科
Python开发,深圳 龙岗区 坂田,软通动力信息技术集团,计算机软件,不需要融资,10000人以上,10-20K,3-5年,本科
python研发,深圳 南山区 科技园,腾讯,互联网,已上市,10000人以上,30-60K,5-10年,本科
教学老师/Python讲师,深圳 福田区 园岭,小码教育,在线教育,C轮,1000-9999人,9-15K,1年以内,本科
python开发工程师,深圳 南山区 科技园,绛门科技,计算机软件,已上市,500-999人,10-15K,1-3年,本科
python,杭州 西湖区 转塘,软通动力,计算机软件,已上市,10000人以上,15-20K,3-5年,大专
Python,杭州 西湖区 转塘,中软国际,计算机软件,已上市,10000人以上,11-18K,3-5年,大专
Python,杭州  ,安恒信息,信息安全,D轮及以上,1000-9999人,18-36K,5-10年,本科
Python,杭州 滨江区 滨江区政府,安恒信息,信息安全,D轮及以上,1000-9999人,15-30K,5-10年,本科
Python,杭州 滨江区 长河,软通动力,计算机软件,已上市,10000人以上,10-20K,1-3年,大专
Python,杭州 西湖区 文一路,中焯信息,移动互联网,不需要融资,100-499人,10-15K,3-5年,学历不限
python工程师,杭州 西湖区 古墩路,小余小余教育,移动互联网,C轮,1000-9999人,15-25K,3-5年,本科
Python讲师,杭州 拱墅区 古墩路,小码教育,在线教育,C轮,1000-9999人,10-15K,经验不限,学历不限
Python开发,杭州 滨江区 长河,软通动力信息技术集团,计算机软件,不需要融资,10000人以上,12-20K,3-5年,本科
Python教学讲师,杭州 拱墅区 古墩路,小码教育,在线教育,C轮,1000-9999人,10-15K,经验不限,学历不限
Python老师,杭州 西湖区 文二路,傲梦网络科技,在线教育,B轮,500-999人,7-12K,经验不限,本科
Python 讲师,杭州 上城区 近江,童乐码,其他专业服务,未融资,0-20人,4-9K,经验不限,本科
高级python,杭州 余杭区 仓前,杭州默安科技有限公司,信息安全,A轮,100-499人,18-28K,3-5年,本科
python课程研发,杭州 拱墅区 古墩路,小码教育,在线教育,C轮,1000-9999人,10-20K,1-3年,本科
Python教学讲师,杭州 拱墅区 古墩路,小码教育,在线教育,C轮,1000-9999人,8-13K,经验不限,本科
python,杭州 滨江区 长河,软通动力,计算机软件,已上市,10000人以上,9-13K,1-3年,本科
python,杭州 西湖区 西溪,博彦科技,计算机软件,已上市,1000-9999人,12-18K,3-5年,大专
Python工程师,杭州 西湖区 西溪,诺诺网,互联网,不需要融资,100-499人,11-18K,1-3年,硕士
阿里云Python开发工程师,杭州 西湖区 转塘,中软国际,计算机软件,已上市,10000人以上,15-16K,1-3年,大专
中级python开发工程师,杭州  ,安恒信息,信息安全,D轮及以上,1000-9999人,12-15K,1-3年,本科
python开发工程师,杭州 西湖区 西溪,汽车超人,互联网,已上市,500-999人,13-20K·14薪,3-5年,本科
Python,杭州 滨江区 长河,华为,计算机软件,不需要融资,10000人以上,12-24K,1-3年,本科
python开发,杭州 滨江区 长河,软通动力,计算机软件,已上市,10000人以上,7-12K,1-3年,本科
python 后端工程师,杭州 富阳区 ,杭州智链达,互联网,不需要融资,20-99人,14-22K,3-5年,本科
python（在校实习生）,杭州 余杭区 仓前,杭州默安科技有限公司,信息安全,A轮,100-499人,5-6K,经验不限,本科
软件测试（会Python）,杭州 滨江区 滨江区政府,火石创造,互联网,A轮,100-499人,12-18K,1-3年,本科
Python开发工程师,杭州 西湖区 西溪,特维轮智车慧达,互联网,未融资,100-499人,12-20K,3-5年,本科
Python青少儿讲师,杭州 上城区 平海路,傲梦网络科技,在线教育,B轮,500-999人,5-10K,经验不限,本科
python,天津 滨海新区 开发区,富士康,互联网,已上市,10000人以上,10-15K,5-10年,本科
Python,天津  ,远传技术,计算机软件,D轮及以上,500-999人,12-20K,3-5年,本科
python讲师,天津 滨海新区 新港,傲梦网络科技,在线教育,B轮,500-999人,6-11K,经验不限,本科
Python,天津 西青区 侯台,颐信科技,互联网,未融资,500-999人,4-5K,应届生,本科
python工程师,天津 红桥区 西沽,卓朗科技,计算机软件,已上市,500-999人,8-15K,3-5年,大专
python编程老师,天津 河西区 友谊路,傲梦网络科技,在线教育,B轮,500-999人,6-11K,经验不限,本科
软件开发(JAVA /Python ),天津 东丽区 军粮城,富士康,互联网,已上市,10000人以上,10-15K,5-10年,本科
Python讲师,天津 东丽区 华明,东软睿道软件培训,在线教育,未融资,20-99人,8-13K,1-3年,本科
Python工程师,天津 南开区 白堤路,兴先道,信息安全,不需要融资,100-499人,11-20K·14薪,5-10年,本科
Python平台开发工程师,天津 滨海新区 开发区,富士康,互联网,已上市,10000人以上,6-10K,3-5年,学历不限
软件开发(Python)工程师,天津 东丽区 军粮城,富士康,互联网,已上市,10000人以上,10-15K,3-5年,本科
python,西安 长安区 王寺,软通动力,计算机软件,已上市,10000人以上,7-12K,1-3年,本科
Python,西安 雁塔区 ,中软国际,计算机软件,已上市,10000人以上,8-16K,经验不限,本科
Python,西安 长安区 王寺,软通动力,计算机软件,已上市,10000人以上,7-14K,1-3年,本科
Python,西安 雁塔区 ,中软国际,计算机软件,已上市,10000人以上,7-14K,1-3年,本科
python,西安  ,中软国际,计算机软件,已上市,10000人以上,10-15K,经验不限,本科
Python,西安 雁塔区 ,中软国际,计算机软件,已上市,10000人以上,8-16K,1-3年,本科
java  /   Python,西安 雁塔区 ,中软国际,计算机软件,已上市,10000人以上,9-18K,1-3年,本科
Python,西安  ,秦贝,电子商务,不需要融资,100-499人,15-30K,1-3年,本科
Python,西安 雁塔区 ,中软国际,互联网,已上市,10000人以上,7-14K,3-5年,本科
python,西安  ,软通动力,计算机软件,已上市,10000人以上,15-25K,3-5年,本科
Python,西安 长安区 王寺,软通动力,计算机软件,已上市,10000人以上,9-14K,3-5年,本科
Python开发,西安  ,武汉佰钧成,计算机软件,不需要融资,10000人以上,7-12K,1-3年,本科
Python老师,西安 雁塔区 科技一路,傲梦网络科技,在线教育,B轮,500-999人,5-10K,经验不限,本科
Python,西安  ,软通动力,计算机软件,已上市,10000人以上,10-20K,3-5年,本科
Python讲师,西安 雁塔区 高新路,西安飞凡软件教育,在线教育,未融资,20-99人,7-11K,1年以内,大专
python开发工程师,西安  ,中软国际,计算机软件,已上市,10000人以上,9-14K,3-5年,本科
python自动化,西安 长安区 ,软通动力,计算机软件,已上市,10000人以上,9-14K,1-3年,本科
Python,西安  ,中软国际,计算机软件,已上市,10000人以上,7-12K,1-3年,本科
Python开发工程师,西安 长安区 王寺,软通动力信息技术集团,计算机软件,不需要融资,10000人以上,10-15K,3-5年,本科
Python,西安 长安区 王寺,软通动力,计算机软件,已上市,10000人以上,7-14K,1-3年,本科
Python,西安  ,软通动力,计算机软件,已上市,10000人以上,8-16K,经验不限,本科
Python老师,西安 雁塔区 唐延路,傲梦网络科技,在线教育,B轮,500-999人,7-12K,经验不限,本科
Python开发工程师,西安 长安区 ,软通动力,计算机软件,已上市,10000人以上,11-15K,1年以内,本科
python开发,西安  ,软通动力,计算机软件,已上市,10000人以上,9-14K,经验不限,本科
Python,西安  ,软通动力,计算机软件,已上市,10000人以上,9-14K,1-3年,本科
Python,西安 雁塔区 ,软通动力,计算机软件,已上市,10000人以上,8-16K,1年以内,本科
python讲师,西安 雁塔区 唐延路,傲梦网络科技,在线教育,B轮,500-999人,6-11K,经验不限,本科
Python，PHP,西安 未央区 未央路,联创佳讯,互联网,未融资,20-99人,6-10K,3-5年,本科
Python工程师,西安 雁塔区 唐延路,天邦测绘,计算机软件,未融资,20-99人,6-8K,1-3年,本科
python工程师,苏州 吴中区 娄葑,玩友时代,游戏,未融资,1000-9999人,7-12K,1-3年,大专
Python工程师,苏州 虎丘区 科技城,安硕信息技术,计算机软件,已上市,1000-9999人,8-13K,1-3年,本科
Python,苏州 相城区 元和,码博科技,计算机软件,不需要融资,20-99人,11-17K,1-3年,本科
Python工程师,苏州 吴中区 临湖,优尔,生活服务,不需要融资,500-999人,8-16K,经验不限,本科
Python,苏州  ,信玉堂,移动互联网,未融资,100-499人,8-16K,3-5年,本科
python开发,苏州 吴中区 独墅湖,意能通,移动互联网,A轮,100-499人,8-13K,1-3年,本科
Python（爬虫类）,苏州 吴中区 湖东,苏州闻道,互联网,不需要融资,100-499人,5-6K·13薪,1年以内,本科
Python讲师,苏州 吴中区 玲珑,青创赢,在线教育,未融资,0-20人,4-5K,1年以内,大专
Python开发,苏州 吴中区 独墅湖,研途教育科技,互联网,A轮,100-499人,11-22K,3-5年,本科
Python软件工程师,苏州  ,课得乐教育科技,计算机软件,A轮,20-99人,11-18K,1-3年,本科
python爬虫工程师,苏州 吴中区 独墅湖,禾禾贯文,企业服务,天使轮,20-99人,8-13K,3-5年,大专
Python,苏州 吴中区 湖东,苏州闻道,互联网,不需要融资,100-499人,4-8K,1-3年,本科
job_name,job_region,job_company,job_company_type,job_company_financ,job_company_pernum,job_salary,job_experience,job_edu
python,西安 长安区 王寺,软通动力,计算机软件,已上市,10000人以上,7-12K,1-3年,本科
Python,南京 建邺区 奥体,万得,数据服务,不需要融资,1000-9999人,10-15K,1年以内,本科
Python,南京 鼓楼区 湖南路,法信,互联网金融,不需要融资,1000-9999人,10-20K,1-3年,大专
Python,深圳  ,软通动力,计算机软件,已上市,10000人以上,10-20K,3-5年,本科
Python,沈阳  ,筑梦园,互联网,未融资,500-999人,5-9K,1-3年,本科
Python,西安 雁塔区 ,中软国际,计算机软件,已上市,10000人以上,7-14K,1-3年,本科
python,上海  ,汉克时代,互联网,未融资,1000-9999人,13-17K,3-5年,本科
Python,合肥  ,神州信息,计算机软件,已上市,1000-9999人,6-11K,1-3年,本科
python,大连  ,纬创软件,计算机软件,已上市,1000-9999人,8-12K·14薪,5-10年,本科
python,深圳 龙岗区 坂田,软通动力,计算机软件,已上市,10000人以上,10-20K,3-5年,本科
Python,西安 雁塔区 ,中软国际,互联网,已上市,10000人以上,7-14K,3-5年,本科
python,杭州 西湖区 西溪,博彦科技,计算机软件,已上市,1000-9999人,12-18K,3-5年,大专
Python,北京 朝阳区 百子湾,掌阅科技,互联网,已上市,500-999人,15-25K,1-3年,本科
python,深圳 福田区 购物公园,深圳国开创新科技,移动互联网,不需要融资,500-999人,8-13K,3-5年,本科
Python,杭州 西湖区 转塘,中软国际,计算机软件,已上市,10000人以上,11-18K,3-5年,大专
python,上海 浦东新区 金桥,软通动力,计算机软件,已上市,10000人以上,8-15K,1-3年,本科
Python,西安 长安区 王寺,软通动力,计算机软件,已上市,10000人以上,7-14K,1-3年,本科
Python,成都  ,软通动力,计算机软件,已上市,10000人以上,10-15K,3-5年,本科
Python,西安 雁塔区 ,中软国际,计算机软件,已上市,10000人以上,8-16K,经验不限,本科
python,杭州 西湖区 转塘,软通动力,计算机软件,已上市,10000人以上,15-20K,3-5年,大专
Python,南京 江宁区 大学城,软通动力,计算机软件,已上市,10000人以上,10-15K,1-3年,本科
Python,北京 西城区 陶然亭,深信服科技,计算机软件,已上市,1000-9999人,15-30K,1年以内,本科
python,天津 滨海新区 开发区,富士康,互联网,已上市,10000人以上,10-15K,5-10年,本科
python,成都 武侯区 ,追越科技,移动互联网,未融资,100-499人,6-12K,3-5年,大专
Python,南京 玄武区 珠江路,奥本景观规划设计,工程施工,天使轮,20-99人,4-8K,经验不限,本科
Python,北京 朝阳区 望京,茂逊,电子商务,C轮,500-999人,15-25K·14薪,1-3年,本科
Python爬虫,深圳 龙岗区 坂田,软通动力,计算机软件,已上市,10000人以上,15-30K,3-5年,本科
Python,北京 海淀区 四季青,首云融金,互联网,已上市,100-499人,15-20K,5-10年,大专
Python,南京 江宁区 大学城,软通动力信息技术集团,计算机软件,不需要融资,10000人以上,8-13K,3-5年,本科
python,东莞  ,软通动力,计算机软件,已上市,10000人以上,9-15K,1-3年,本科
Python,北京 东城区 广渠门,东方金信,计算机软件,B轮,100-499人,8-13K,3-5年,本科
Python,北京 西城区 陶然亭,深信服科技,计算机软件,已上市,1000-9999人,15-30K,1年以内,本科
Python,北京  ,金风科技,计算机软件,已上市,1000-9999人,15-30K,3-5年,本科
Python,北京 丰台区 科技园区,中金标准数据,数据服务,B轮,20-99人,10-20K,1-3年,本科
Python,北京 朝阳区 来广营,泽创天成,医疗健康,天使轮,20-99人,16-30K,3-5年,本科
python,北京 昌平区 回龙观,美洽,互联网,B轮,100-499人,15-25K,经验不限,本科
Python,北京 顺义区 后沙峪,人人有信,数据服务,不需要融资,500-999人,8-15K,3-5年,本科
Python,北京 东城区 东直门,艾唯博瑞,互联网,未融资,20-99人,15-25K,5-10年,本科
Python,北京 海淀区 上地,Aibee,互联网,A轮,100-499人,20-40K,3-5年,本科
Python讲师,北京 昌平区 沙河,老男孩IT教育,在线教育,不需要融资,100-499人,20-25K,1-3年,本科
Python,北京 海淀区 四季青,首云融金,互联网,已上市,100-499人,15-20K,5-10年,大专
python工程师,北京 朝阳区 北苑,58到家,互联网,B轮,1000-9999人,30-60K,5-10年,本科
Python,北京 朝阳区 望京,茂逊,电子商务,C轮,500-999人,15-25K·14薪,1-3年,本科
Python web项目讲师,北京 昌平区 北七家,传智播客,在线教育,已上市,1000-9999人,30-35K,3-5年,大专
Python,北京 海淀区 学院路,志翔科技,信息安全,B轮,100-499人,15-25K,经验不限,本科
Lead Python Engineer,北京 朝阳区 三元桥,FreeWheel,互联网,已上市,500-999人,35-44K,5-10年,本科
python编程老师,北京 朝阳区 东大桥,傲梦网络科技,在线教育,B轮,500-999人,5-9K,经验不限,本科
Python,北京 海淀区 西直门,安码科技,计算机软件,不需要融资,100-499人,15-20K,3-5年,本科
高级Python后端工程师,北京 海淀区 中关村,旷视科技,移动互联网,C轮,1000-9999人,20-40K,3-5年,本科
高级python工程师,北京 海淀区 四季青,首都在线,互联网,C轮,500-999人,20-35K,5-10年,本科
python后台开发,北京 海淀区 上地,小米,互联网,已上市,10000人以上,20-40K,5-10年,本科
Python,北京 朝阳区 北苑,安知信息,企业服务,未融资,0-20人,15-25K,3-5年,本科
python助理讲师,北京 海淀区 大钟寺,达内集团,在线教育,已上市,1000-9999人,9-11K,1-3年,本科
服务端Python实习生,北京 朝阳区 大山子,奇虎360,互联网,已上市,1000-9999人,3-4K,应届生,本科
Python,北京 海淀区 五道口,滴滴出行,移动互联网,D轮及以上,1000-9999人,30-60K,3-5年,本科
视频抓取-Python工程师,北京 朝阳区 望京,一点资讯,移动互联网,D轮及以上,500-999人,20-38K,1-3年,硕士
Python开发工程师,北京 东城区 北新桥,松鼠拼拼,移动互联网,B轮,1000-9999人,20-40K·15薪,3-5年,本科
python,北京 海淀区 马连洼,滴滴出行,移动互联网,D轮及以上,1000-9999人,30-45K,5-10年,本科
Python,北京 海淀区 万寿路,BoringKillerLtd,移动互联网,天使轮,20-99人,20-25K,3-5年,本科
python,上海 浦东新区 金桥,软通动力,计算机软件,已上市,10000人以上,8-15K,1-3年,本科
python,上海  ,汉克时代,互联网,未融资,1000-9999人,13-17K,3-5年,本科
Python,上海 普陀区 真如,格略,咨询,未融资,20-99人,15-19K,5-10年,本科
资深Python工程师,上海 浦东新区 张江,传音控股,移动互联网,不需要融资,10000人以上,15-25K,3-5年,本科
python工程师,上海 浦东新区 世纪公园,大查柜,互联网,不需要融资,500-999人,10-12K,1年以内,大专
Python课程研发,上海  ,傲梦网络科技,在线教育,B轮,500-999人,8-12K,1-3年,本科
Python,上海 浦东新区 张江,斗象科技,信息安全,B轮,100-499人,15-30K,1-3年,大专
Python自动化测试,上海 浦东新区 金桥,软通动力,计算机软件,已上市,10000人以上,8-13K,1-3年,本科
python开发,上海 闵行区 老闵行,文思海辉,计算机软件,已上市,10000人以上,12-19K,1-3年,大专
Python编程教学,上海 浦东新区 联洋,乐博机器人,在线教育,不需要融资,1000-9999人,5-10K,经验不限,本科
Python工程师,上海 闵行区 梅陇,国民健康科技,数据服务,天使轮,100-499人,20-40K·15薪,3-5年,本科
Python 课程研发员,上海 长宁区 北新泾,傲梦网络科技,在线教育,B轮,500-999人,8-10K,1-3年,本科
Python,上海 静安区 汶水路,路诚,数据服务,未融资,20-99人,10-15K,3-5年,本科
Python Software Engineer,上海 长宁区 北新泾,新拓尼克科技(天...,通信/网络设备,未融资,500-999人,14-20K,3-5年,本科
python工程师,上海 闵行区 虹桥,易路软件,移动互联网,B轮,100-499人,15-20K,3-5年,本科
Python开发工程师,上海 杨浦区 五角场,今日头条,移动互联网,不需要融资,10000人以上,20-40K,3-5年,本科
Python实习,上海 杨浦区 五角场,上海刻契,企业服务,A轮,0-20人,3-4K,经验不限,学历不限
Python讲师,上海 浦东新区 航头,传智播客,在线教育,已上市,1000-9999人,20-40K,3-5年,大专
Python开发工程师,上海 长宁区 北新泾,携程旅行网,互联网,已上市,10000人以上,15-25K,1-3年,本科
Python,上海 浦东新区 张江,微仓网络,计算机软件,天使轮,0-20人,20-40K,5-10年,本科
Python教学讲师,上海 徐汇区 衡山路,小码教育,在线教育,C轮,1000-9999人,8-13K,经验不限,本科
Python老师,上海 长宁区 北新泾,傲梦网络科技,在线教育,B轮,500-999人,6-7K,经验不限,本科
Python,上海 浦东新区 张江,	锻链科技,互联网金融,未融资,0-20人,10-13K,3-5年,本科
Python讲师,上海 青浦区 徐泾,神州视创,在线教育,不需要融资,100-499人,8-16K,1-3年,本科
python研发工程师,上海 徐汇区 漕河泾,上海源石数据,移动互联网,B轮,100-499人,15-30K,3-5年,大专
Python开发工程师,上海 闵行区 静安新城,天玑科技,数据服务,已上市,500-999人,15-25K,1-3年,本科
高级Python工程师,上海 黄浦区 人民广场,S先生,互联网,天使轮,0-20人,18-35K,3-5年,本科
Python 开发,上海 松江区 莘庄,婀娜信息,移动互联网,天使轮,20-99人,15-25K,1-3年,本科
python编程老师,上海 长宁区 北新泾,傲梦网络科技,在线教育,B轮,500-999人,6-11K,经验不限,本科
python开发工程师,上海 浦东新区 张江,天玑科技,数据服务,已上市,500-999人,8-15K,1-3年,大专
Python,广州 天河区 棠下,勤加缘,互联网,未融资,20-99人,3-6K,应届生,本科
Python,广州 越秀区 五羊新城,富融,计算机软件,未融资,20-99人,7-8K,1-3年,大专
Python工程师,广州 天河区 体育中心,嘉为科技,计算机服务,未融资,500-999人,12-18K·13薪,3-5年,本科
Python,广州  ,赛耀网络,移动互联网,不需要融资,0-20人,8-10K,1-3年,本科
Python,广州 海珠区 南洲,微宽信息,移动互联网,天使轮,20-99人,10-18K,3-5年,本科
Python,广州 天河区 棠下,广州力为,移动互联网,天使轮,20-99人,12-15K,1-3年,本科
Python电商程序员,广州 天河区 长兴,古特贸易,电子商务,不需要融资,0-20人,6-11K,经验不限,学历不限
Python开发,广州 番禺区 洛溪,不明觉厉,互联网,不需要融资,0-20人,2-5K,经验不限,学历不限
Python开发工程师,广州 天河区 珠江新城,美亚商旅集团,电子商务,A轮,500-999人,6-12K,1-3年,大专
Python开发工程师,广州 番禺区 大石,浩鲸科技,通信/网络设备,未融资,1000-9999人,12-18K,3-5年,本科
Python,广州  ,奥买家,电子商务,不需要融资,100-499人,15-30K,1-3年,本科
Python实习生,广州 天河区 东圃,广州潮汐信息,数据服务,天使轮,0-20人,1-3K,经验不限,学历不限
python服务端开发工程师,广州 天河区 天河公园,网易游戏,游戏,已上市,10000人以上,15-30K,1-3年,本科
Python开发,广州 天河区 东圃,创梦空间,培训机构,天使轮,20-99人,8-9K,1-3年,大专
Python Web 工程师,广州 海珠区 赤岗,爱范儿,移动互联网,已上市,100-499人,7-14K,1-3年,本科
资深Python爬虫工程师,广州 海珠区 琶洲,Fordeal,电子商务,C轮,500-999人,25-50K,3-5年,本科
Python开发工程师,广州 天河区 天河公园,网易游戏,游戏,已上市,10000人以上,20-30K,3-5年,本科
Python开发工程师,广州 天河区 天河公园,网易游戏,游戏,已上市,10000人以上,15-20K,1-3年,本科
Python开发工程师(高级),广州 天河区 五山,9377游戏,游戏,未融资,500-999人,15-20K,3-5年,本科
Python开发工程师,广州 天河区 东圃,广州潮汐信息,数据服务,天使轮,0-20人,15-20K,3-5年,本科
python开发,广州 天河区 天河公园,要出发周边游,互联网,D轮及以上,500-999人,9-14K,1-3年,本科
Python开发工程师,广州 天河区 石牌,趣丸,移动互联网,不需要融资,100-499人,20-30K,3-5年,本科
python开发工程师,广州  ,多益网络,互联网,不需要融资,1000-9999人,10-15K,1-3年,本科
Python大数据开发工程师,广州 天河区 元岗,广州百伦,电子商务,未融资,100-499人,12-15K,1-3年,本科
Python 工程师,广州 黄埔区 科学城,康云,计算机软件,A轮,20-99人,8-16K,3-5年,本科
Python后端开发工程师,广州 海珠区 琶洲,烹茶科技,社交网络,天使轮,0-20人,14-20K,经验不限,本科
python工程师,广州  ,赛耀网络,移动互联网,不需要融资,0-20人,8-10K,1-3年,大专
Python爬虫研发工程师,广州  ,多益网络,互联网,不需要融资,1000-9999人,10-18K,1-3年,本科
python工程师,广州  ,宏泰环保,其他行业,天使轮,0-20人,6-10K,1-3年,本科
Python,深圳  ,软通动力,计算机软件,已上市,10000人以上,10-20K,3-5年,本科
Python,深圳 南山区 西丽,志鑫信息技术,计算机服务,不需要融资,100-499人,4-9K,1-3年,学历不限
python,深圳 福田区 购物公园,深圳国开创新科技,移动互联网,不需要融资,500-999人,8-13K,3-5年,本科
python,深圳 龙岗区 坂田,软通动力,计算机软件,已上市,10000人以上,10-20K,3-5年,本科
Senior Python Developer,深圳 南山区 科技园,亿磐(系统)深圳,计算机软件,已上市,10000人以上,22-30K,5-10年,本科
python,深圳 龙岗区 坂田,软通动力信息技术集团,计算机软件,不需要融资,10000人以上,8-13K,1-3年,本科
python,深圳 龙岗区 万科,软通动力,计算机软件,已上市,10000人以上,10-20K,3-5年,本科
Python开发,深圳 龙岗区 坂田,软通动力,计算机软件,已上市,10000人以上,13-26K,3-5年,本科
Python,深圳 宝安区 新安,站擎,互联网,不需要融资,100-499人,20-30K,3-5年,本科
Python爬虫,深圳 龙岗区 坂田,软通动力,计算机软件,已上市,10000人以上,15-30K,3-5年,本科
Python开发,深圳 龙岗区 坂田,软通动力信息技术集团,计算机软件,不需要融资,10000人以上,10-20K,3-5年,本科
python研发,深圳 南山区 科技园,腾讯,互联网,已上市,10000人以上,30-60K,5-10年,本科
教学老师/Python讲师,深圳 福田区 园岭,小码教育,在线教育,C轮,1000-9999人,9-15K,1年以内,本科
python开发工程师,深圳 南山区 科技园,绛门科技,计算机软件,已上市,500-999人,10-15K,1-3年,本科
python,杭州 西湖区 转塘,软通动力,计算机软件,已上市,10000人以上,15-20K,3-5年,大专
Python,杭州 西湖区 转塘,中软国际,计算机软件,已上市,10000人以上,11-18K,3-5年,大专
Python,杭州  ,安恒信息,信息安全,D轮及以上,1000-9999人,18-36K,5-10年,本科
Python,杭州 滨江区 滨江区政府,安恒信息,信息安全,D轮及以上,1000-9999人,15-30K,5-10年,本科
Python,杭州 滨江区 长河,软通动力,计算机软件,已上市,10000人以上,10-20K,1-3年,大专
Python,杭州 西湖区 文一路,中焯信息,移动互联网,不需要融资,100-499人,10-15K,3-5年,学历不限
python工程师,杭州 西湖区 古墩路,小余小余教育,移动互联网,C轮,1000-9999人,15-25K,3-5年,本科
Python讲师,杭州 拱墅区 古墩路,小码教育,在线教育,C轮,1000-9999人,10-15K,经验不限,学历不限
Python开发,杭州 滨江区 长河,软通动力信息技术集团,计算机软件,不需要融资,10000人以上,12-20K,3-5年,本科
Python教学讲师,杭州 拱墅区 古墩路,小码教育,在线教育,C轮,1000-9999人,10-15K,经验不限,学历不限
Python老师,杭州 西湖区 文二路,傲梦网络科技,在线教育,B轮,500-999人,7-12K,经验不限,本科
Python 讲师,杭州 上城区 近江,童乐码,其他专业服务,未融资,0-20人,4-9K,经验不限,本科
高级python,杭州 余杭区 仓前,杭州默安科技有限公司,信息安全,A轮,100-499人,18-28K,3-5年,本科
python课程研发,杭州 拱墅区 古墩路,小码教育,在线教育,C轮,1000-9999人,10-20K,1-3年,本科
Python教学讲师,杭州 拱墅区 古墩路,小码教育,在线教育,C轮,1000-9999人,8-13K,经验不限,本科
python,杭州 滨江区 长河,软通动力,计算机软件,已上市,10000人以上,9-13K,1-3年,本科
python,杭州 西湖区 西溪,博彦科技,计算机软件,已上市,1000-9999人,12-18K,3-5年,大专
Python工程师,杭州 西湖区 西溪,诺诺网,互联网,不需要融资,100-499人,11-18K,1-3年,硕士
阿里云Python开发工程师,杭州 西湖区 转塘,中软国际,计算机软件,已上市,10000人以上,15-16K,1-3年,大专
中级python开发工程师,杭州  ,安恒信息,信息安全,D轮及以上,1000-9999人,12-15K,1-3年,本科
python开发工程师,杭州 西湖区 西溪,汽车超人,互联网,已上市,500-999人,13-20K·14薪,3-5年,本科
Python,杭州 滨江区 长河,华为,计算机软件,不需要融资,10000人以上,12-24K,1-3年,本科
python开发,杭州 滨江区 长河,软通动力,计算机软件,已上市,10000人以上,7-12K,1-3年,本科
python 后端工程师,杭州 富阳区 ,杭州智链达,互联网,不需要融资,20-99人,14-22K,3-5年,本科
python（在校实习生）,杭州 余杭区 仓前,杭州默安科技有限公司,信息安全,A轮,100-499人,5-6K,经验不限,本科
软件测试（会Python）,杭州 滨江区 滨江区政府,火石创造,互联网,A轮,100-499人,12-18K,1-3年,本科
Python开发工程师,杭州 西湖区 西溪,特维轮智车慧达,互联网,未融资,100-499人,12-20K,3-5年,本科
Python青少儿讲师,杭州 上城区 平海路,傲梦网络科技,在线教育,B轮,500-999人,5-10K,经验不限,本科
python,天津 滨海新区 开发区,富士康,互联网,已上市,10000人以上,10-15K,5-10年,本科
Python,天津  ,远传技术,计算机软件,D轮及以上,500-999人,12-20K,3-5年,本科
python讲师,天津 滨海新区 新港,傲梦网络科技,在线教育,B轮,500-999人,6-11K,经验不限,本科
Python,天津 西青区 侯台,颐信科技,互联网,未融资,500-999人,4-5K,应届生,本科
python工程师,天津 红桥区 西沽,卓朗科技,计算机软件,已上市,500-999人,8-15K,3-5年,大专
python编程老师,天津 河西区 友谊路,傲梦网络科技,在线教育,B轮,500-999人,6-11K,经验不限,本科
软件开发(JAVA /Python ),天津 东丽区 军粮城,富士康,互联网,已上市,10000人以上,10-15K,5-10年,本科
Python讲师,天津 东丽区 华明,东软睿道软件培训,在线教育,未融资,20-99人,8-13K,1-3年,本科
Python工程师,天津 南开区 白堤路,兴先道,信息安全,不需要融资,100-499人,11-20K·14薪,5-10年,本科
Python平台开发工程师,天津 滨海新区 开发区,富士康,互联网,已上市,10000人以上,6-10K,3-5年,学历不限
软件开发(Python)工程师,天津 东丽区 军粮城,富士康,互联网,已上市,10000人以上,10-15K,3-5年,本科
job_name,job_region,job_company,job_company_type,job_company_financ,job_company_pernum,job_salary,job_experience,job_edu
python,西安 长安区 王寺,软通动力,计算机软件,已上市,10000人以上,7-12K,1-3年,本科
Python,南京 建邺区 奥体,万得,数据服务,不需要融资,1000-9999人,10-15K,1年以内,本科
Python,南京 鼓楼区 湖南路,法信,互联网金融,不需要融资,1000-9999人,10-20K,1-3年,大专
Python,深圳  ,软通动力,计算机软件,已上市,10000人以上,10-20K,3-5年,本科
Python,沈阳  ,筑梦园,互联网,未融资,500-999人,5-9K,1-3年,本科
Python,西安 雁塔区 ,中软国际,计算机软件,已上市,10000人以上,7-14K,1-3年,本科
python,上海  ,汉克时代,互联网,未融资,1000-9999人,13-17K,3-5年,本科
Python,合肥  ,神州信息,计算机软件,已上市,1000-9999人,6-11K,1-3年,本科
python,大连  ,纬创软件,计算机软件,已上市,1000-9999人,8-12K·14薪,5-10年,本科
python,深圳 龙岗区 坂田,软通动力,计算机软件,已上市,10000人以上,10-20K,3-5年,本科
Python,西安 雁塔区 ,中软国际,互联网,已上市,10000人以上,7-14K,3-5年,本科
python,杭州 西湖区 西溪,博彦科技,计算机软件,已上市,1000-9999人,12-18K,3-5年,大专
Python,北京 朝阳区 百子湾,掌阅科技,互联网,已上市,500-999人,15-25K,1-3年,本科
python,深圳 福田区 购物公园,深圳国开创新科技,移动互联网,不需要融资,500-999人,8-13K,3-5年,本科
Python,杭州 西湖区 转塘,中软国际,计算机软件,已上市,10000人以上,11-18K,3-5年,大专
python,上海 浦东新区 金桥,软通动力,计算机软件,已上市,10000人以上,8-15K,1-3年,本科
Python,西安 长安区 王寺,软通动力,计算机软件,已上市,10000人以上,7-14K,1-3年,本科
Python,成都  ,软通动力,计算机软件,已上市,10000人以上,10-15K,3-5年,本科
Python,西安 雁塔区 ,中软国际,计算机软件,已上市,10000人以上,8-16K,经验不限,本科
python,杭州 西湖区 转塘,软通动力,计算机软件,已上市,10000人以上,15-20K,3-5年,大专
Python,南京 江宁区 大学城,软通动力,计算机软件,已上市,10000人以上,10-15K,1-3年,本科
Python,北京 西城区 陶然亭,深信服科技,计算机软件,已上市,1000-9999人,15-30K,1年以内,本科
python,天津 滨海新区 开发区,富士康,互联网,已上市,10000人以上,10-15K,5-10年,本科
python,成都 武侯区 ,追越科技,移动互联网,未融资,100-499人,6-12K,3-5年,大专
Python,南京 玄武区 珠江路,奥本景观规划设计,工程施工,天使轮,20-99人,4-8K,经验不限,本科
Python,北京 朝阳区 望京,茂逊,电子商务,C轮,500-999人,15-25K·14薪,1-3年,本科
Python爬虫,深圳 龙岗区 坂田,软通动力,计算机软件,已上市,10000人以上,15-30K,3-5年,本科
Python,北京 海淀区 四季青,首云融金,互联网,已上市,100-499人,15-20K,5-10年,大专
Python,南京 江宁区 大学城,软通动力信息技术集团,计算机软件,不需要融资,10000人以上,8-13K,3-5年,本科
python,东莞  ,软通动力,计算机软件,已上市,10000人以上,9-15K,1-3年,本科
Python,北京 东城区 广渠门,东方金信,计算机软件,B轮,100-499人,8-13K,3-5年,本科
Python,北京 西城区 陶然亭,深信服科技,计算机软件,已上市,1000-9999人,15-30K,1年以内,本科
Python,北京  ,金风科技,计算机软件,已上市,1000-9999人,15-30K,3-5年,本科
Python,北京 丰台区 科技园区,中金标准数据,数据服务,B轮,20-99人,10-20K,1-3年,本科
Python,北京 朝阳区 来广营,泽创天成,医疗健康,天使轮,20-99人,16-30K,3-5年,本科
python,北京 昌平区 回龙观,美洽,互联网,B轮,100-499人,15-25K,经验不限,本科
Python,北京 顺义区 后沙峪,人人有信,数据服务,不需要融资,500-999人,8-15K,3-5年,本科
Python,北京 东城区 东直门,艾唯博瑞,互联网,未融资,20-99人,15-25K,5-10年,本科
Python,北京 海淀区 上地,Aibee,互联网,A轮,100-499人,20-40K,3-5年,本科
Python讲师,北京 昌平区 沙河,老男孩IT教育,在线教育,不需要融资,100-499人,20-25K,1-3年,本科
Python,北京 海淀区 四季青,首云融金,互联网,已上市,100-499人,15-20K,5-10年,大专
python工程师,北京 朝阳区 北苑,58到家,互联网,B轮,1000-9999人,30-60K,5-10年,本科
Python,北京 朝阳区 望京,茂逊,电子商务,C轮,500-999人,15-25K·14薪,1-3年,本科
Python web项目讲师,北京 昌平区 北七家,传智播客,在线教育,已上市,1000-9999人,30-35K,3-5年,大专
Python,北京 海淀区 学院路,志翔科技,信息安全,B轮,100-499人,15-25K,经验不限,本科
Lead Python Engineer,北京 朝阳区 三元桥,FreeWheel,互联网,已上市,500-999人,35-44K,5-10年,本科
python编程老师,北京 朝阳区 东大桥,傲梦网络科技,在线教育,B轮,500-999人,5-9K,经验不限,本科
Python,北京 海淀区 西直门,安码科技,计算机软件,不需要融资,100-499人,15-20K,3-5年,本科
高级Python后端工程师,北京 海淀区 中关村,旷视科技,移动互联网,C轮,1000-9999人,20-40K,3-5年,本科
高级python工程师,北京 海淀区 四季青,首都在线,互联网,C轮,500-999人,20-35K,5-10年,本科
python后台开发,北京 海淀区 上地,小米,互联网,已上市,10000人以上,20-40K,5-10年,本科
Python,北京 朝阳区 北苑,安知信息,企业服务,未融资,0-20人,15-25K,3-5年,本科
python助理讲师,北京 海淀区 大钟寺,达内集团,在线教育,已上市,1000-9999人,9-11K,1-3年,本科
服务端Python实习生,北京 朝阳区 大山子,奇虎360,互联网,已上市,1000-9999人,3-4K,应届生,本科
Python,北京 海淀区 五道口,滴滴出行,移动互联网,D轮及以上,1000-9999人,30-60K,3-5年,本科
视频抓取-Python工程师,北京 朝阳区 望京,一点资讯,移动互联网,D轮及以上,500-999人,20-38K,1-3年,硕士
Python开发工程师,北京 东城区 北新桥,松鼠拼拼,移动互联网,B轮,1000-9999人,20-40K·15薪,3-5年,本科
python,北京 海淀区 马连洼,滴滴出行,移动互联网,D轮及以上,1000-9999人,30-45K,5-10年,本科
Python,北京 海淀区 万寿路,BoringKillerLtd,移动互联网,天使轮,20-99人,20-25K,3-5年,本科
python,上海 浦东新区 金桥,软通动力,计算机软件,已上市,10000人以上,8-15K,1-3年,本科
python,上海  ,汉克时代,互联网,未融资,1000-9999人,13-17K,3-5年,本科
Python,上海 普陀区 真如,格略,咨询,未融资,20-99人,15-19K,5-10年,本科
资深Python工程师,上海 浦东新区 张江,传音控股,移动互联网,不需要融资,10000人以上,15-25K,3-5年,本科
python工程师,上海 浦东新区 世纪公园,大查柜,互联网,不需要融资,500-999人,10-12K,1年以内,大专
Python课程研发,上海  ,傲梦网络科技,在线教育,B轮,500-999人,8-12K,1-3年,本科
Python,上海 浦东新区 张江,斗象科技,信息安全,B轮,100-499人,15-30K,1-3年,大专
Python自动化测试,上海 浦东新区 金桥,软通动力,计算机软件,已上市,10000人以上,8-13K,1-3年,本科
python开发,上海 闵行区 老闵行,文思海辉,计算机软件,已上市,10000人以上,12-19K,1-3年,大专
Python编程教学,上海 浦东新区 联洋,乐博机器人,在线教育,不需要融资,1000-9999人,5-10K,经验不限,本科
Python工程师,上海 闵行区 梅陇,国民健康科技,数据服务,天使轮,100-499人,20-40K·15薪,3-5年,本科
Python 课程研发员,上海 长宁区 北新泾,傲梦网络科技,在线教育,B轮,500-999人,8-10K,1-3年,本科
Python,上海 静安区 汶水路,路诚,数据服务,未融资,20-99人,10-15K,3-5年,本科
Python Software Engineer,上海 长宁区 北新泾,新拓尼克科技(天...,通信/网络设备,未融资,500-999人,14-20K,3-5年,本科
python工程师,上海 闵行区 虹桥,易路软件,移动互联网,B轮,100-499人,15-20K,3-5年,本科
Python开发工程师,上海 杨浦区 五角场,今日头条,移动互联网,不需要融资,10000人以上,20-40K,3-5年,本科
Python实习,上海 杨浦区 五角场,上海刻契,企业服务,A轮,0-20人,3-4K,经验不限,学历不限
Python讲师,上海 浦东新区 航头,传智播客,在线教育,已上市,1000-9999人,20-40K,3-5年,大专
Python开发工程师,上海 长宁区 北新泾,携程旅行网,互联网,已上市,10000人以上,15-25K,1-3年,本科
Python,上海 浦东新区 张江,微仓网络,计算机软件,天使轮,0-20人,20-40K,5-10年,本科
Python教学讲师,上海 徐汇区 衡山路,小码教育,在线教育,C轮,1000-9999人,8-13K,经验不限,本科
Python老师,上海 长宁区 北新泾,傲梦网络科技,在线教育,B轮,500-999人,6-7K,经验不限,本科
Python,上海 浦东新区 张江,	锻链科技,互联网金融,未融资,0-20人,10-13K,3-5年,本科
Python讲师,上海 青浦区 徐泾,神州视创,在线教育,不需要融资,100-499人,8-16K,1-3年,本科
python研发工程师,上海 徐汇区 漕河泾,上海源石数据,移动互联网,B轮,100-499人,15-30K,3-5年,大专
Python开发工程师,上海 闵行区 静安新城,天玑科技,数据服务,已上市,500-999人,15-25K,1-3年,本科
高级Python工程师,上海 黄浦区 人民广场,S先生,互联网,天使轮,0-20人,18-35K,3-5年,本科
Python 开发,上海 松江区 莘庄,婀娜信息,移动互联网,天使轮,20-99人,15-25K,1-3年,本科
python编程老师,上海 长宁区 北新泾,傲梦网络科技,在线教育,B轮,500-999人,6-11K,经验不限,本科
python开发工程师,上海 浦东新区 张江,天玑科技,数据服务,已上市,500-999人,8-15K,1-3年,大专
Python Web 工程师,广州 海珠区 赤岗,爱范儿,移动互联网,已上市,100-499人,7-14K,1-3年,本科
Python,广州 天河区 棠下,勤加缘,互联网,未融资,20-99人,3-6K,应届生,本科
Python,广州 海珠区 南洲,微宽信息,移动互联网,天使轮,20-99人,10-18K,3-5年,本科
python服务端开发工程师,广州 天河区 天河公园,网易游戏,游戏,已上市,10000人以上,15-30K,1-3年,本科
Python 工程师,广州 黄埔区 科学城,康云,计算机软件,A轮,20-99人,8-16K,3-5年,本科
Python,广州  ,奥买家,电子商务,不需要融资,100-499人,15-30K,1-3年,本科
Python开发工程师,广州 番禺区 大石,浩鲸科技,通信/网络设备,未融资,1000-9999人,12-18K,3-5年,本科
python工程师,广州  ,赛耀网络,移动互联网,不需要融资,0-20人,8-10K,1-3年,大专
Python爬虫研发工程师,广州  ,多益网络,互联网,不需要融资,1000-9999人,10-18K,1-3年,本科
Python开发工程师,广州  ,国机智能电力,智能硬件,未融资,100-499人,10-15K,1-3年,本科
Python开发工程师,广州  ,多益网络,互联网,不需要融资,1000-9999人,10-15K,1-3年,本科
Python开发工程师,广州 天河区 天河公园,网易游戏,游戏,已上市,10000人以上,15-20K,1-3年,本科
Python开发工程师,广州 天河区 石牌,趣丸,移动互联网,不需要融资,100-499人,20-30K,3-5年,本科
Python开发工程师(高级),广州 天河区 五山,9377游戏,游戏,未融资,500-999人,15-20K,3-5年,本科
Python后端开发工程师,广州 海珠区 琶洲,烹茶科技,社交网络,天使轮,0-20人,14-20K,经验不限,本科
Python,广州 天河区 棠下,广州力为,移动互联网,天使轮,20-99人,12-15K,1-3年,本科
资深Python爬虫工程师,广州 海珠区 琶洲,Fordeal,电子商务,C轮,500-999人,25-50K,3-5年,本科
python开发工程师,广州  ,多益网络,互联网,不需要融资,1000-9999人,10-15K,1-3年,本科
Python,广州  ,赛耀网络,移动互联网,不需要融资,0-20人,8-10K,1-3年,本科
Python开发工程师,广州 天河区 珠江新城,美亚商旅集团,电子商务,A轮,500-999人,6-12K,1-3年,大专
Python,广州 越秀区 五羊新城,富融,计算机软件,未融资,20-99人,7-8K,1-3年,大专
python开发,广州 天河区 天河公园,要出发周边游,互联网,D轮及以上,500-999人,9-14K,1-3年,本科
python工程师,广州  ,宏泰环保,其他行业,天使轮,0-20人,6-10K,1-3年,本科
Python工程师,广州 天河区 体育中心,嘉为科技,计算机服务,未融资,500-999人,12-18K·13薪,3-5年,本科
Python开发工程师(高级),广州 天河区 粤垦,9377游戏,游戏,未融资,500-999人,15-20K,1-3年,本科
Python开发工程师,广州 天河区 天河公园,网易游戏,游戏,已上市,10000人以上,20-30K,3-5年,本科
Python高级开发工程师,广州 越秀区 东风,广州诚益,医疗健康,A轮,20-99人,10-20K,3-5年,本科
python服务器开发工程师,广州 天河区 天河公园,网易游戏,游戏,已上市,10000人以上,15-25K,1-3年,本科
Python大数据开发工程师,广州 天河区 元岗,广州百伦,电子商务,未融资,100-499人,12-15K,1-3年,本科
Python人工智能讲师,广州 黄埔区 科学城,粤嵌小创客,培训机构,已上市,500-999人,10-18K,1-3年,大专
Python,深圳  ,软通动力,计算机软件,已上市,10000人以上,10-20K,3-5年,本科
Python,深圳 南山区 西丽,志鑫信息技术,计算机服务,不需要融资,100-499人,4-9K,1-3年,学历不限
python,深圳 福田区 购物公园,深圳国开创新科技,移动互联网,不需要融资,500-999人,8-13K,3-5年,本科
python,深圳 龙岗区 坂田,软通动力,计算机软件,已上市,10000人以上,10-20K,3-5年,本科
Senior Python Developer,深圳 南山区 科技园,亿磐(系统)深圳,计算机软件,已上市,10000人以上,22-30K,5-10年,本科
python,深圳 龙岗区 坂田,软通动力信息技术集团,计算机软件,不需要融资,10000人以上,8-13K,1-3年,本科
python,深圳 龙岗区 万科,软通动力,计算机软件,已上市,10000人以上,10-20K,3-5年,本科
Python开发,深圳 龙岗区 坂田,软通动力,计算机软件,已上市,10000人以上,13-26K,3-5年,本科
Python,深圳 宝安区 新安,站擎,互联网,不需要融资,100-499人,20-30K,3-5年,本科
Python爬虫,深圳 龙岗区 坂田,软通动力,计算机软件,已上市,10000人以上,15-30K,3-5年,本科
Python开发,深圳 龙岗区 坂田,软通动力信息技术集团,计算机软件,不需要融资,10000人以上,10-20K,3-5年,本科
python研发,深圳 南山区 科技园,腾讯,互联网,已上市,10000人以上,30-60K,5-10年,本科
教学老师/Python讲师,深圳 福田区 园岭,小码教育,在线教育,C轮,1000-9999人,9-15K,1年以内,本科
python开发工程师,深圳 南山区 科技园,绛门科技,计算机软件,已上市,500-999人,10-15K,1-3年,本科
python工程师,深圳 宝安区 西乡,江南月,互联网,,20-99人,7-12K,1-3年,本科
Python开发（AI）,深圳 南山区 西丽,绿米,移动互联网,B轮,500-999人,15-30K,1-3年,硕士
Python开发工程师,深圳 南山区 科技园,腾讯,互联网,已上市,10000人以上,20-40K,3-5年,本科
Python后台开发,深圳 南山区 科技园,AKULAKU,互联网金融,D轮及以上,1000-9999人,15-30K,3-5年,本科
Python,深圳 龙岗区 ,软通动力,计算机软件,已上市,10000人以上,9-18K,3-5年,本科
Python开发工程师,深圳 南山区 科技园,深圳云天励飞,移动互联网,B轮,500-999人,23-30K,5-10年,本科
Python,深圳 福田区 沙头,深圳酷普网络科技...,计算机软件,,20-99人,15-25K,5-10年,本科
Python软件开发工程师,深圳  ,深信服科技,计算机软件,已上市,1000-9999人,12-22K,1-3年,本科
Python工程师,深圳 南山区 科技园,宸睿科技,在线教育,不需要融资,0-20人,9-16K,3-5年,本科
Python开发工程师,深圳 龙岗区 坂田,软通动力,计算机软件,已上市,10000人以上,11-20K,3-5年,本科
Python讲师,深圳 龙岗区 龙岗中心城,小码教育,在线教育,C轮,1000-9999人,9-12K,应届生,本科
Python工程师,深圳 南山区 科技园,前海农交所,电子商务,不需要融资,100-499人,15-30K,1-3年,大专
python开发工程师,深圳 南山区 科技园,深圳浪潮早上班,计算机服务,已上市,10000人以上,10-15K,3-5年,本科
Python运营开发工程师,深圳 南山区 科技园,腾讯,互联网,已上市,10000人以上,20-40K,5-10年,本科
python,杭州 西湖区 转塘,软通动力,计算机软件,已上市,10000人以上,15-20K,3-5年,大专
Python,杭州 西湖区 转塘,中软国际,计算机软件,已上市,10000人以上,11-18K,3-5年,大专
Python,杭州  ,安恒信息,信息安全,D轮及以上,1000-9999人,18-36K,5-10年,本科
Python,杭州 滨江区 滨江区政府,安恒信息,信息安全,D轮及以上,1000-9999人,15-30K,5-10年,本科
Python,杭州 滨江区 长河,软通动力,计算机软件,已上市,10000人以上,10-20K,1-3年,大专
Python,杭州 西湖区 文一路,中焯信息,移动互联网,不需要融资,100-499人,10-15K,3-5年,学历不限
python工程师,杭州 西湖区 古墩路,小余小余教育,移动互联网,C轮,1000-9999人,15-25K,3-5年,本科
Python讲师,杭州 拱墅区 古墩路,小码教育,在线教育,C轮,1000-9999人,10-15K,经验不限,学历不限
Python开发,杭州 滨江区 长河,软通动力信息技术集团,计算机软件,不需要融资,10000人以上,12-20K,3-5年,本科
Python教学讲师,杭州 拱墅区 古墩路,小码教育,在线教育,C轮,1000-9999人,10-15K,经验不限,学历不限
Python老师,杭州 西湖区 文二路,傲梦网络科技,在线教育,B轮,500-999人,7-12K,经验不限,本科
Python 讲师,杭州 上城区 近江,童乐码,其他专业服务,未融资,0-20人,4-9K,经验不限,本科
高级python,杭州 余杭区 仓前,杭州默安科技有限公司,信息安全,A轮,100-499人,18-28K,3-5年,本科
python课程研发,杭州 拱墅区 古墩路,小码教育,在线教育,C轮,1000-9999人,10-20K,1-3年,本科
Python教学讲师,杭州 拱墅区 古墩路,小码教育,在线教育,C轮,1000-9999人,8-13K,经验不限,本科
python,杭州 滨江区 长河,软通动力,计算机软件,已上市,10000人以上,9-13K,1-3年,本科
python,杭州 西湖区 西溪,博彦科技,计算机软件,已上市,1000-9999人,12-18K,3-5年,大专
Python工程师,杭州 西湖区 西溪,诺诺网,互联网,不需要融资,100-499人,11-18K,1-3年,硕士
阿里云Python开发工程师,杭州 西湖区 转塘,中软国际,计算机软件,已上市,10000人以上,15-16K,1-3年,大专
中级python开发工程师,杭州  ,安恒信息,信息安全,D轮及以上,1000-9999人,12-15K,1-3年,本科
python开发工程师,杭州 西湖区 西溪,汽车超人,互联网,已上市,500-999人,13-20K·14薪,3-5年,本科
Python,杭州 滨江区 长河,华为,计算机软件,不需要融资,10000人以上,12-24K,1-3年,本科
python开发,杭州 滨江区 长河,软通动力,计算机软件,已上市,10000人以上,7-12K,1-3年,本科
python 后端工程师,杭州 富阳区 ,杭州智链达,互联网,不需要融资,20-99人,14-22K,3-5年,本科
python（在校实习生）,杭州 余杭区 仓前,杭州默安科技有限公司,信息安全,A轮,100-499人,5-6K,经验不限,本科
软件测试（会Python）,杭州 滨江区 滨江区政府,火石创造,互联网,A轮,100-499人,12-18K,1-3年,本科
Python开发工程师,杭州 西湖区 西溪,特维轮智车慧达,互联网,未融资,100-499人,12-20K,3-5年,本科
Python青少儿讲师,杭州 上城区 平海路,傲梦网络科技,在线教育,B轮,500-999人,5-10K,经验不限,本科
高级Python全栈工程师,杭州 余杭区 仓前,蜂巢,计算机软件,,20-99人,12-16K,3-5年,本科
python,天津 滨海新区 开发区,富士康,互联网,已上市,10000人以上,10-15K,5-10年,本科
Python,天津  ,远传技术,计算机软件,D轮及以上,500-999人,12-20K,3-5年,本科
python讲师,天津 滨海新区 新港,傲梦网络科技,在线教育,B轮,500-999人,6-11K,经验不限,本科
Python,天津 西青区 侯台,颐信科技,互联网,未融资,500-999人,4-5K,应届生,本科
python工程师,天津 红桥区 西沽,卓朗科技,计算机软件,已上市,500-999人,8-15K,3-5年,大专
python编程老师,天津 河西区 友谊路,傲梦网络科技,在线教育,B轮,500-999人,6-11K,经验不限,本科
软件开发(JAVA /Python ),天津 东丽区 军粮城,富士康,互联网,已上市,10000人以上,10-15K,5-10年,本科
Python讲师,天津 东丽区 华明,东软睿道软件培训,在线教育,未融资,20-99人,8-13K,1-3年,本科
Python工程师,天津 南开区 白堤路,兴先道,信息安全,不需要融资,100-499人,11-20K·14薪,5-10年,本科
Python平台开发工程师,天津 滨海新区 开发区,富士康,互联网,已上市,10000人以上,6-10K,3-5年,学历不限
软件开发(Python)工程师,天津 东丽区 军粮城,富士康,互联网,已上市,10000人以上,10-15K,3-5年,本科
Python,天津 北辰区 天穆,云智冷,互联网,,0-20人,10-15K,5-10年,本科
Python工程师,天津 和平区 小白楼,联合信用投资咨询,数据服务,未融资,20-99人,10-15K,1-3年,本科
python工程师,天津 西青区 华苑,星云时代科技,互联网,,100-499人,6-11K,经验不限,本科
Python爬虫工程师,天津 河北区 火车站,货圈全,电子商务,A轮,20-99人,9-14K,1-3年,本科
Python讲师,天津 滨海新区 新港,傲梦网络科技,在线教育,B轮,500-999人,6-12K,经验不限,本科
平台开发工程师 (Python),天津 东丽区 军粮城,富士康,互联网,已上市,10000人以上,10-15K,5-10年,本科
Python工程师 - 实习,天津 和平区 小白楼,联合信用投资咨询,数据服务,未融资,20-99人,2-3K,经验不限,本科
Python,天津 滨海新区 北塘街,紫光云,计算机软件,不需要融资,1000-9999人,10-15K,3-5年,本科
python 教师,天津 南开区 体育中心,北京乐博乐博,在线教育,已上市,1000-9999人,5-10K,1年以内,大专
HTML5，Javascript，Python，web服务，c++,天津 西青区 张家窝,天津融汇,计算机软件,未融资,20-99人,8-15K,经验不限,本科
python工程师,天津  ,国联易安,信息安全,不需要融资,20-99人,8-15K,3-5年,学历不限
python前端工程师,天津  ,国联易安,信息安全,不需要融资,20-99人,10-15K,3-5年,学历不限
高级Python开发工程师,天津 和平区 小白楼,敬庸天津分公司,互联网,未融资,20-99人,12-24K,3-5年,本科
Python,天津 北辰区 北仓,行云科技,信息安全,,20-99人,6-10K,经验不限,学历不限
Python黑盒自动化测试,天津 东丽区 华明,万星在线,互联网,不需要融资,20-99人,6-10K,1-3年,大专
Python工程师,天津 河西区 大营门,坚果科技,移动互联网,未融资,100-499人,10-20K,1-3年,本科
python开发(初级),天津  ,鱼鹰供应链,计算机软件,天使轮,20-99人,4-6K,1-3年,大专
Python 开发,天津 河北区 和平路,六百光年,数据服务,未融资,20-99人,6-8K,1-3年,本科
Python网络开发,天津 西青区 张家窝,北京陆泰,在线教育,,0-20人,10-15K,1-3年,本科
python,西安 长安区 王寺,软通动力,计算机软件,已上市,10000人以上,7-12K,1-3年,本科
Python,西安 雁塔区 ,中软国际,计算机软件,已上市,10000人以上,8-16K,经验不限,本科
Python,西安 长安区 王寺,软通动力,计算机软件,已上市,10000人以上,7-14K,1-3年,本科
Python,西安 雁塔区 ,中软国际,计算机软件,已上市,10000人以上,7-14K,1-3年,本科
python,西安  ,中软国际,计算机软件,已上市,10000人以上,10-15K,经验不限,本科
Python,西安 雁塔区 ,中软国际,计算机软件,已上市,10000人以上,8-16K,1-3年,本科
java  /   Python,西安 雁塔区 ,中软国际,计算机软件,已上市,10000人以上,9-18K,1-3年,本科
Python,西安  ,秦贝,电子商务,不需要融资,100-499人,15-30K,1-3年,本科
Python,西安 雁塔区 ,中软国际,互联网,已上市,10000人以上,7-14K,3-5年,本科
python,西安  ,软通动力,计算机软件,已上市,10000人以上,15-25K,3-5年,本科
Python,西安 长安区 王寺,软通动力,计算机软件,已上市,10000人以上,9-14K,3-5年,本科
Python开发,西安  ,武汉佰钧成,计算机软件,不需要融资,10000人以上,7-12K,1-3年,本科
Python老师,西安 雁塔区 科技一路,傲梦网络科技,在线教育,B轮,500-999人,5-10K,经验不限,本科
Python,西安  ,软通动力,计算机软件,已上市,10000人以上,10-20K,3-5年,本科
Python讲师,西安 雁塔区 高新路,西安飞凡软件教育,在线教育,未融资,20-99人,7-11K,1年以内,大专
python开发工程师,西安  ,中软国际,计算机软件,已上市,10000人以上,9-14K,3-5年,本科
python自动化,西安 长安区 ,软通动力,计算机软件,已上市,10000人以上,9-14K,1-3年,本科
Python,西安  ,中软国际,计算机软件,已上市,10000人以上,7-12K,1-3年,本科
Python开发工程师,西安 长安区 王寺,软通动力信息技术集团,计算机软件,不需要融资,10000人以上,10-15K,3-5年,本科
Python,西安 长安区 王寺,软通动力,计算机软件,已上市,10000人以上,7-14K,1-3年,本科
Python,西安  ,软通动力,计算机软件,已上市,10000人以上,8-16K,经验不限,本科
Python老师,西安 雁塔区 唐延路,傲梦网络科技,在线教育,B轮,500-999人,7-12K,经验不限,本科
Python开发工程师,西安 长安区 ,软通动力,计算机软件,已上市,10000人以上,11-15K,1年以内,本科
python开发,西安  ,软通动力,计算机软件,已上市,10000人以上,9-14K,经验不限,本科
Python,西安  ,软通动力,计算机软件,已上市,10000人以上,9-14K,1-3年,本科
Python,西安 雁塔区 ,软通动力,计算机软件,已上市,10000人以上,8-16K,1年以内,本科
python讲师,西安 雁塔区 唐延路,傲梦网络科技,在线教育,B轮,500-999人,6-11K,经验不限,本科
Python，PHP,西安 未央区 未央路,联创佳讯,互联网,未融资,20-99人,6-10K,3-5年,本科
Python工程师,西安 雁塔区 唐延路,天邦测绘,计算机软件,未融资,20-99人,6-8K,1-3年,本科
python工程师,苏州 吴中区 娄葑,玩友时代,游戏,未融资,1000-9999人,7-12K,1-3年,大专
Python工程师,苏州 虎丘区 科技城,安硕信息技术,计算机软件,已上市,1000-9999人,8-13K,1-3年,本科
Python,苏州 相城区 元和,码博科技,计算机软件,不需要融资,20-99人,11-17K,1-3年,本科
Python工程师,苏州 吴中区 临湖,优尔,生活服务,不需要融资,500-999人,8-16K,经验不限,本科
Python,苏州  ,信玉堂,移动互联网,未融资,100-499人,8-16K,3-5年,本科
python开发,苏州 吴中区 独墅湖,意能通,移动互联网,A轮,100-499人,8-13K,1-3年,本科
Python（爬虫类）,苏州 吴中区 湖东,苏州闻道,互联网,不需要融资,100-499人,5-6K·13薪,1年以内,本科
Python讲师,苏州 吴中区 玲珑,青创赢,在线教育,未融资,0-20人,4-5K,1年以内,大专
Python开发,苏州 吴中区 独墅湖,研途教育科技,互联网,A轮,100-499人,11-22K,3-5年,本科
Python软件工程师,苏州  ,课得乐教育科技,计算机软件,A轮,20-99人,11-18K,1-3年,本科
python爬虫工程师,苏州 吴中区 独墅湖,禾禾贯文,企业服务,天使轮,20-99人,8-13K,3-5年,大专
Python,苏州 吴中区 湖东,苏州闻道,互联网,不需要融资,100-499人,4-8K,1-3年,本科
软件工程师-Python,苏州 相城区 高铁新城,魔门塔科技,计算机软件,B轮,500-999人,9-14K,1-3年,本科
python后端开发工程师,苏州 吴中区 独墅湖,研途教育科技,互联网,A轮,100-499人,8-12K,3-5年,本科
Python数据挖掘工程师,苏州 吴中区 独墅湖,禾禾贯文,企业服务,天使轮,20-99人,10-15K,3-5年,本科
Python,苏州 昆山市 玉山,益麦电磁,通信/网络设备,,0-20人,10-20K,1-3年,本科
Python软件开发工程师,苏州 吴中区 独墅湖,泰迪科技,互联网,A轮,20-99人,11-17K,3-5年,本科
Python,苏州  ,东湾信息,计算机软件,,20-99人,8-15K,1-3年,本科
Python工程师,苏州 吴中区 湖东,惟信易量,数据服务,不需要融资,0-20人,8-10K,经验不限,本科
Python数据挖掘工程师,苏州 吴中区 独墅湖,禾禾贯文,企业服务,天使轮,20-99人,10-15K,3-5年,本科
Python数据挖掘工程师,苏州 吴中区 独墅湖,禾禾贯文,企业服务,天使轮,20-99人,35-45K·13薪,5-10年,本科
Python数据挖掘工程师,苏州 吴中区 独墅湖,禾禾贯文,企业服务,天使轮,20-99人,15-25K,5-10年,本科
Python,苏州 姑苏区 虎丘,南京汇康网络科技...,医疗健康,,0-20人,5-6K,1-3年,大专
Python开发工程师,苏州 张家港市 城北,海适云承,互联网,,20-99人,5-8K,1年以内,大专
高级Python开发工程师,苏州 吴中区 青剑湖,问卷网爱调研,咨询,已上市,100-499人,15-30K,3-5年,本科
Python高级开发工程师,苏州 吴中区 独墅湖,泰迪科技,互联网,A轮,20-99人,14-18K,5-10年,本科
python后端（高级）开发工程师,苏州 吴中区 独墅湖,众言网络,互联网,已上市,100-499人,12-22K,3-5年,本科
Python开发工程师,苏州 相城区 渭塘,安永数据,企业服务,天使轮,0-20人,20-40K,3-5年,本科
教师--Scratch、Python语言,苏州 吴中区 左岸商业街,苏州魔法字节,培训机构,未融资,0-20人,6-11K,1-3年,本科
python架构师/高级开发工程师,苏州 吴中区 独墅湖,众言网络,互联网,已上市,100-499人,14-28K,3-5年,本科
Python讲师,武汉 江汉区 北湖,傲梦网络科技,在线教育,B轮,500-999人,5-10K,经验不限,本科
Python开发,武汉 洪山区 光谷,软通动力,计算机软件,已上市,10000人以上,7-12K,经验不限,本科
python讲师,武汉 江岸区 三阳路,傲梦网络科技,在线教育,B轮,500-999人,6-10K,经验不限,本科
Python讲师,武汉 洪山区 卓刀泉,金信润天武汉分公司,计算机软件,已上市,500-999人,8-13K,1-3年,大专
Python,武汉 江夏区 光谷东,软通动力,计算机软件,已上市,10000人以上,8-12K,1-3年,本科
Python工程师,武汉 洪山区 光谷,青云,企业服务,D轮及以上,100-499人,15-30K,3-5年,本科
Python-PM,武汉 江夏区 流芳,蓝泰源信息技术,计算机软件,已上市,100-499人,25-30K,10年以上,本科
python开发工程师,武汉 洪山区 光谷,全品,计算机服务,不需要融资,500-999人,10-20K,1-3年,本科
Python工程师,武汉 江汉区 北湖,合肥英泽信息科技,计算机软件,未融资,100-499人,10-11K,1-3年,本科
Python工程师,武汉 洪山区 光谷,青云,企业服务,D轮及以上,100-499人,14-28K,3-5年,本科
Python,武汉 江汉区 北湖,合肥英泽信息科技,计算机软件,未融资,100-499人,7-10K,1-3年,本科
python开发工程师,武汉 洪山区 光谷,绿盟科技,信息安全,已上市,1000-9999人,15-25K,3-5年,本科
python开发,武汉 洪山区 光谷,绛门科技,计算机软件,已上市,500-999人,10-15K,3-5年,本科
Python程序员,武汉 洪山区 珞狮南路,乐谷游戏,游戏,A轮,20-99人,10-20K,3-5年,大专
Python工程师,武汉 洪山区 光谷,康圣环球,医疗健康,C轮,1000-9999人,4-7K,1-3年,本科
Python,武汉 洪山区 花山,睿之航,计算机软件,,100-499人,8-12K,1-3年,大专
Python编程老师,武汉 洪山区 光谷,编玩边学,在线教育,B轮,100-499人,8-15K,1年以内,本科
中级python开发工程师,武汉  ,悠然一指,互联网,不需要融资,100-499人,9-14K,3-5年,学历不限
Python开发工程师,武汉  ,京北方,互联网金融,C轮,10000人以上,10-14K,5-10年,大专
Python研发工程师,武汉 洪山区 珞狮南路,智线云科技,移动互联网,A轮,20-99人,7-12K,1-3年,本科
python,武汉 洪山区 光谷,险峰华兴,移动互联网,不需要融资,20-99人,20-30K,3-5年,本科
Python编程老师,武汉 洪山区 光谷,编玩边学,在线教育,B轮,100-499人,8-15K,1年以内,本科
Python后端开发工程师,武汉 江夏区 光谷,合肥英泽信息科技,计算机软件,未融资,100-499人,10-13K,3-5年,本科
python后端开发工程师,武汉 江夏区 光谷,华中时讯科技,互联网,A轮,20-99人,10-18K,3-5年,本科
Python 高级工程师,武汉 江汉区 常青,北京爱一城,智能硬件,不需要融资,100-499人,12-20K,5-10年,学历不限
Python后端开发工程师,武汉 武昌区 水果湖,厚仁科技,互联网,不需要融资,20-99人,15-25K,3-5年,本科
python后台开发,武汉 洪山区 光谷,绛门科技,计算机软件,已上市,500-999人,10-11K,3-5年,本科
Python程序员,武汉 洪山区 珞狮南路,乐谷游戏,游戏,A轮,20-99人,6-12K,1-3年,本科
Python开发工程师,武汉 洪山区 光谷,全品,计算机服务,不需要融资,500-999人,9-14K,3-5年,本科
python开发工程师,武汉 洪山区 光谷,武汉睿智视讯科技,计算机软件,B轮,100-499人,10-20K,3-5年,本科
python,厦门  ,快商通,计算机软件,已上市,100-499人,11-17K,3-5年,本科
Python研发,厦门  ,厦门中控,计算机软件,未融资,500-999人,4-7K,1-3年,本科
python工程师,厦门 思明区 滨海,深圳云译,互联网,未融资,100-499人,8-12K,1年以内,大专
Python开发工程师,厦门 思明区 软件园,阿里巴巴集团,互联网,不需要融资,10000人以上,18-30K·15薪,3-5年,大专
高级Python程序员,厦门 思明区 观音山,点触科技,游戏,已上市,500-999人,10-20K,3-5年,本科
Python开发工程师,厦门 集美区 后溪,网宿科技,互联网,已上市,1000-9999人,15-25K,3-5年,本科
Python工程师,厦门 思明区 软件园,钉云科技,移动互联网,未融资,20-99人,6-10K,1-3年,大专
Python,厦门 思明区 莲花,万商堂,计算机软件,不需要融资,20-99人,3-8K,应届生,本科
Python工程师,厦门 思明区 软件园,创世线程,计算机软件,天使轮,20-99人,7-12K,1-3年,本科
Python 后端工程师,厦门 思明区 轮渡,厦门波德林智能科...,互联网,不需要融资,0-20人,10-15K,3-5年,大专
python开发工程师,厦门  ,启尚科技,计算机软件,未融资,100-499人,15-20K,3-5年,本科
python,厦门 湖里区 枋湖,外贸牛,互联网,不需要融资,20-99人,6-11K,1-3年,大专
Python开发工程师,厦门  ,厦门中控,计算机软件,未融资,500-999人,2-3K,应届生,本科
python开发工程师,厦门 集美区 后溪,网宿科技,互联网,已上市,1000-9999人,10-15K,3-5年,本科
python开发工程师,厦门 集美区 ,厦门中控,计算机软件,未融资,500-999人,4-7K,经验不限,大专
python开发,厦门 思明区 软件园,博彦科技,计算机软件,已上市,1000-9999人,8-10K,1-3年,本科
python数据工程师,厦门 思明区 软件园,七星通联,移动互联网,A轮,100-499人,8-15K,1-3年,本科
少儿Python讲师,厦门 思明区 火车站,美力程少儿编程,学前教育,未融资,0-20人,4-9K,1年以内,本科
Python开发工程师,厦门 思明区 滨北,超音速,互联网,不需要融资,0-20人,5-10K,1-3年,大专
Python工程师,厦门 思明区 轮渡,易基,电子商务,未融资,0-20人,8-10K,1-3年,本科
Python后端开发工程师,厦门  ,MinerHub,计算机服务,天使轮,20-99人,5-10K,1-3年,本科
python后端开发工程师,厦门 思明区 软件园,微赛网络,互联网,不需要融资,20-99人,10-15K,3-5年,本科
Python,厦门  ,万商堂,计算机软件,不需要融资,20-99人,5-8K,1-3年,大专
python开发工程师,厦门  ,路桥信息,计算机软件,已上市,100-499人,7-10K,1-3年,本科
量化工程师（Python）,厦门 思明区 软件园,创世线程,计算机软件,天使轮,20-99人,10-15K,1-3年,本科
Python后端开发工程师,厦门 思明区 软件园,创世线程,计算机软件,天使轮,20-99人,6-11K,1-3年,本科
Python开发工程师,厦门  ,启尚科技,计算机软件,未融资,100-499人,10-15K,3-5年,大专
Python工程师,厦门 湖里区 枋湖,厦门摩云,生活服务,未融资,20-99人,5-8K,1-3年,大专
Python工程师(自然语言处理方向),厦门 思明区 软件园,厦门多维树,计算机软件,,0-20人,8-13K,1-3年,本科
Python开发工程师,厦门  ,启尚科技,计算机软件,未融资,100-499人,15-25K,3-5年,本科
Python,长沙 开福区 芙蓉北路,亿展,互联网,,0-20人,4-6K,1年以内,本科
Python,长沙 芙蓉区 马王堆,中软国际,计算机软件,已上市,10000人以上,9-14K,3-5年,本科
Python,长沙 岳麓区 麓谷,弯弓信息,互联网,未融资,100-499人,8-13K,3-5年,本科
Python工程师,长沙 芙蓉区 窑岭,金烽信息,计算机软件,不需要融资,100-499人,9-14K,3-5年,本科
python运维工程师,长沙 岳麓区 麓谷,竞网集团,互联网,不需要融资,1000-9999人,9-10K,3-5年,大专
python老师,长沙 天心区 省政府,傲梦网络科技,在线教育,B轮,500-999人,7-8K,经验不限,本科
python,长沙 岳麓区 麓谷,逻辑教育,在线教育,未融资,20-99人,11-18K,3-5年,本科
python开发,长沙 岳麓区 麓谷,万卷,在线教育,未融资,100-499人,10-20K,1-3年,大专
python数据分析,长沙 岳麓区 麓谷,弯弓信息,互联网,未融资,100-499人,8-15K,1-3年,大专
python运维开发工程师,长沙 岳麓区 麓谷,兴盛优选,互联网金融,C轮,1000-9999人,12-22K,3-5年,本科
Python开发工程师,长沙 岳麓区 麓谷,苏州千视通,计算机软件,B轮,100-499人,8-15K,3-5年,本科
python爬虫高级讲师,长沙 岳麓区 麓谷,万卷教育,在线教育,未融资,100-499人,10-20K,3-5年,大专
Python后端开发工程师,长沙 岳麓区 麓谷,麒麟,计算机软件,不需要融资,100-499人,10-15K,1-3年,本科
Python开发工程师,长沙 岳麓区 麓谷,聚簇云,互联网,不需要融资,20-99人,6-10K,1-3年,本科
Python,长沙 雨花区 井湾子,和翔（北京）电子...,电子商务,不需要融资,20-99人,8-12K,1-3年,本科
Python,长沙  ,众高电子商务有限公司,电子商务,不需要融资,20-99人,8-13K,1-3年,本科
python web开发工程师,长沙 岳麓区 麓谷西,动脑科技,移动互联网,未融资,100-499人,10-20K,3-5年,大专
python开发工程师,长沙 开福区 广电,兴导,计算机软件,A轮,0-20人,8-12K,1-3年,本科
Python,长沙 岳麓区 麓谷,六星教育,在线教育,未融资,20-99人,10-15K,1-3年,大专
少儿编程老师（python）,长沙 开福区 松桂园,编程猫,移动互联网,C轮,1000-9999人,5-10K,经验不限,本科
Python讲师,长沙 雨花区 植物园,书香门第,在线教育,不需要融资,100-499人,8-10K,1-3年,本科
Python高级开发工程师,长沙 岳麓区 汽车西站,湖南美音,计算机软件,D轮及以上,100-499人,6-9K,3-5年,大专
python开发工程师,长沙 岳麓区 麓谷,竞网集团,互联网,不需要融资,1000-9999人,10-13K,3-5年,本科
Python编程教学老师,长沙 岳麓区 溁湾镇,睿奇致教育,培训机构,未融资,0-20人,4-8K,1-3年,本科
Python开发讲师,长沙 岳麓区 含浦,牛模网络,互联网,未融资,20-99人,10-15K,3-5年,学历不限
python开发讲师,长沙 岳麓区 麓谷,动脑科技,移动互联网,未融资,100-499人,11-20K,1-3年,大专
python运维开发工程师,长沙 岳麓区 麓谷,竞网集团,互联网,不需要融资,1000-9999人,11-20K,5-10年,大专
Python开发工程师,长沙 雨花区 植物园,书香门第,在线教育,不需要融资,100-499人,7-10K,1-3年,大专
python开发实习生,长沙 开福区 广电,兴导,计算机软件,A轮,0-20人,2-3K,应届生,本科
Python爬虫工程师,长沙  ,湖南芒芽,企业服务,不需要融资,20-99人,5-10K,1-3年,大专
Python,成都  ,软通动力,计算机软件,已上市,10000人以上,10-15K,3-5年,本科
python,成都 武侯区 ,追越科技,移动互联网,未融资,100-499人,6-12K,3-5年,大专
Python讲师,成都 龙泉驿区 龙泉,知行天下,培训机构,未融资,20-99人,7-12K,1年以内,大专
Python,成都 武侯区 石羊,源码时代,在线教育,未融资,100-499人,10-20K,3-5年,本科
Python实习,成都  ,华邑,计算机软件,天使轮,100-499人,2-4K,经验不限,大专
python工程师【实习】,成都 武侯区 新会展,BBD,数据服务,D轮及以上,500-999人,2-3K,应届生,本科
Python开发工程师,成都 双流区 华阳,钱方好近,移动互联网,B轮,500-999人,10-18K,3-5年,本科
python开发,成都  ,软通动力,计算机软件,已上市,10000人以上,9-18K,1-3年,本科
Python研发工程师,成都 武侯区 新会展,烽台科技,信息安全,天使轮,20-99人,7-12K,1年以内,本科
初级python工程师,成都  ,微银合创,计算机软件,未融资,20-99人,4-8K,经验不限,本科
python 开发,成都  ,软通动力,计算机软件,已上市,10000人以上,7-12K,1-3年,本科
运维开发工程师（高级python工程师）,成都 武侯区 新会展,龙之力,游戏,,20-99人,15-20K,5-10年,本科
Python讲师,成都 武侯区 航空路,汇智动力,计算机软件,不需要融资,20-99人,10-20K,3-5年,本科
高级Python开发工程师,成都  ,棕榈创想科技,移动互联网,不需要融资,100-499人,13-20K·14薪,3-5年,本科
Python培训讲师,成都 武侯区 新会展,麦子学院,互联网,B轮,100-499人,8-13K,3-5年,本科
Python开发工程师,成都  ,软通动力,计算机软件,已上市,10000人以上,12-20K,1-3年,本科
python开发工程师,成都 锦江区 春熙路,封面新闻,媒体,天使轮,100-499人,11-20K·13薪,1-3年,本科
游戏研发工程师（Python）（中高级）,成都 武侯区 石羊,凯奇谷成都,计算机软件,已上市,100-499人,10-15K,3-5年,本科
python开发工程师,成都  ,中国网安,信息安全,不需要融资,1000-9999人,10-15K,3-5年,本科
Python开发工程师,成都  ,棕榈创想科技,移动互联网,不需要融资,100-499人,11-20K,3-5年,本科
python开发,成都  ,欧督系统科技,互联网,未融资,20-99人,18-22K,1-3年,本科
Python工程师（运维开发方向）,成都 武侯区 新会展,多点Dmall,互联网,B轮,500-999人,10-20K,3-5年,本科
运维开发工程师（Python方向）,成都 武侯区 新会展,多点Dmall,互联网,B轮,500-999人,10-20K,3-5年,本科
python应用开发工程师,成都 锦江区 春熙路,封面新闻,媒体,天使轮,100-499人,9-14K,1-3年,本科
Python高级开发工程师,成都 青羊区 草堂,众蓝科技成都分公司,数据服务,未融资,20-99人,12-20K,1-3年,本科
python讲师,成都 武侯区 航空路,汇智动力,计算机软件,不需要融资,20-99人,8-15K,3-5年,本科
Python开发工程师,成都 双流区 华阳,成都贝尔,通信/网络设备,不需要融资,500-999人,8-11K,1-3年,本科
Python开发工程师,成都  ,成都魔力百聚,移动互联网,不需要融资,20-99人,5-8K,1-3年,本科
Python,成都 双流区 华阳,北航西部创新港,计算机软件,不需要融资,20-99人,12-24K,经验不限,硕士
Python,成都 双流区 华阳,北航西部创新港,计算机软件,不需要融资,20-99人,15-30K,3-5年,硕士
Python,郑州  ,智游臻龙教育科技,互联网,已上市,500-999人,10-15K,3-5年,大专
python讲师,郑州 金水区 东风路,傲梦网络科技,在线教育,B轮,500-999人,6-7K,经验不限,本科
Python讲师,郑州  ,河南蓝鸥,移动互联网,D轮及以上,100-499人,10-18K,5-10年,本科
python老师,郑州 中原区 儿童公园,傲梦网络科技,在线教育,B轮,500-999人,5-10K,经验不限,本科
Python,郑州 金水区 汽配,木云电子,计算机软件,未融资,20-99人,6-10K,1-3年,本科
Python 高级工程师,郑州  ,象聚实业集团,互联网,A轮,500-999人,10-15K,5-10年,本科
存储管理软件Python开发工程师（郑州）,郑州 管城回族区 郑州东站,浪潮集团,计算机软件,已上市,10000人以上,12-20K,3-5年,本科
Python,郑州  ,智游臻龙教育,计算机软件,,100-499人,10-15K,3-5年,大专
python工程师,郑州 金水区 CBD,中原消费金融,互联网金融,不需要融资,100-499人,10-20K,1-3年,本科
Python Web开发,郑州  ,图灵实验室,互联网,未融资,20-99人,7-14K,3-5年,本科
python,郑州 金水区 东风路,傲梦网络科技,在线教育,B轮,500-999人,6-7K,经验不限,本科
python高级开发工程师,郑州  ,世界工厂网,互联网,已上市,100-499人,8-13K,3-5年,大专
Python开发工程师,郑州  ,象聚实业集团,互联网,A轮,500-999人,10-15K,5-10年,本科
python开发工程师,郑州 金水区 文化路,方圆信息,计算机软件,未融资,20-99人,4-8K,1-3年,本科
python web软件开发工程师,郑州  ,核桃科技,计算机软件,不需要融资,20-99人,5-10K,3-5年,本科
Gis开发工程师（Python方向）,郑州 金水区 龙子湖,农业大数据研究院,数据服务,不需要融资,20-99人,8-13K,1-3年,本科
Python讲师,郑州  ,卡尔信息,在线教育,未融资,100-499人,15-20K,1-3年,硕士
Python讲师,郑州  ,卡尔信息,在线教育,未融资,100-499人,12-18K,5-10年,本科
Python开发主管,郑州 金水区 龙子湖,三融,计算机软件,天使轮,20-99人,7-8K,3-5年,本科
Python开发人员,郑州 金水区 龙子湖,三融,计算机软件,天使轮,20-99人,6-7K,1-3年,本科
爬虫工程师（python）,郑州  ,象聚实业集团,互联网,A轮,500-999人,9-13K,3-5年,本科
课程研发 少儿编程 Python人工智能方向,郑州  ,河南省编程科技,培训机构,天使轮,100-499人,5-10K,1-3年,大专
Python 高级工程师（爬虫、数据挖掘）,郑州  ,象聚实业集团,互联网,A轮,500-999人,10-15K,3-5年,本科
Python,郑州  ,乐而知教育,在线教育,天使轮,0-20人,4-8K,3-5年,本科
python开发工程师,郑州 金水区 大石桥,鸟窝云,计算机软件,,0-20人,4-9K,3-5年,大专
Python,郑州 金水区 CBD,国信投资,互联网金融,,0-20人,5-10K,经验不限,本科
Python 工程师,郑州 管城回族区 郑州东站,仙红,医疗健康,未融资,0-20人,7-10K,3-5年,学历不限
Python Web开发,郑州 金水区 东风路,河南黑白电子,移动互联网,,20-99人,5-10K,1-3年,本科
PYTHON开发,郑州 管城回族区 郑州东站,中思科技,计算机软件,未融资,20-99人,4-8K,1-3年,本科
Python高级讲师,郑州  ,新蓝剑,移动互联网,,20-99人,10-15K,1年以内,大专
Python-重庆,重庆 渝北区 回兴,码博科技,计算机软件,不需要融资,20-99人,9-14K,3-5年,本科
Python老师,重庆  ,傲梦网络科技,在线教育,B轮,500-999人,7-12K,经验不限,本科
python讲师,重庆 渝中区 上清寺,傲梦网络科技,在线教育,B轮,500-999人,6-10K,经验不限,本科
Python,重庆 南岸区 南坪,盛汇葛博,互联网,不需要融资,20-99人,6-8K,3-5年,本科
python,重庆 渝中区 解放碑,四次元科技公司,互联网,不需要融资,100-499人,7-14K,经验不限,学历不限
爬虫工程师（Python/java）,重庆 渝北区 财富中心,重庆大司空,互联网,不需要融资,20-99人,6-9K,1-3年,本科
Python开发工程师,重庆 渝中区 两路口,酷贝科技,计算机软件,未融资,20-99人,6-8K,1-3年,本科
Python线上讲师,重庆  ,傲梦网络科技,在线教育,B轮,500-999人,6-10K,经验不限,本科
Python开发工程师,重庆 南岸区 南坪,重庆小当家,互联网,未融资,20-99人,3-6K,1-3年,大专
python开发工程师,重庆 渝北区 ,撼地大数据,数据服务,A轮,100-499人,7-14K,经验不限,本科
Python,重庆 江北区 五里店,重庆梵泰科技,数据服务,天使轮,0-20人,15-25K,1-3年,本科
Python,重庆 渝北区 大竹林,邂智科技,互联网,A轮,20-99人,6-9K,1-3年,本科
Python工程师,重庆 渝北区 龙头寺,重庆小雨点,互联网,未融资,100-499人,8-13K,1-3年,本科
Python开发工程师,重庆 南岸区 南坪,Famiku,游戏,,100-499人,6-10K,1-3年,大专
（急聘）Python软件工程师,重庆 渝北区 人和,重庆高略科技有限公司,数据服务,未融资,20-99人,5-10K,3-5年,本科
Python 后端工程师,重庆 九龙坡区 巴国城,北京智同久远科技...,互联网,,0-20人,25-40K,3-5年,硕士
Python开发工程师,重庆 渝中区 解放碑,仟界科技,移动互联网,未融资,100-499人,15-25K,5-10年,本科
Python,重庆 渝北区 龙溪,吕亚科技,数据服务,不需要融资,20-99人,8-13K,3-5年,大专
Python工程师,重庆  ,盖茨实验室,互联网,不需要融资,20-99人,6-12K,1年以内,大专
Python,重庆 渝北区 大竹林,盼达用车,互联网,A轮,500-999人,5-8K,1-3年,本科
Python工程师,重庆 渝中区 化龙桥,量化家,计算机软件,B轮,20-99人,5-10K,1-3年,本科
Python,重庆 渝北区 冉家坝,重庆英菲尼塔斯科...,计算机软件,天使轮,20-99人,8-15K,1-3年,大专
Python爬虫工程师,重庆 渝北区 黄泥塝,上标科技,数据服务,,0-20人,6-12K,1-3年,学历不限
Python教程制作兼职,重庆 沙坪坝区 西永,尚橙互动,移动互联网,,0-20人,4-8K,经验不限,学历不限
python开发,重庆  ,马上消费金融,互联网金融,不需要融资,1000-9999人,7-14K,经验不限,本科
Python运维开发工程师,重庆 渝北区 龙溪,重庆斯巴达网络科技,互联网,不需要融资,20-99人,6-12K,经验不限,学历不限
运维工程师,重庆 南岸区 海棠溪,沙师弟,互联网,B轮,100-499人,4-8K,1-3年,大专
PHP,重庆  ,四海通联,计算机软件,,20-99人,5-6K,1-3年,大专
运维工程师,重庆  ,直真科技,计算机软件,未融资,500-999人,5-8K,1年以内,本科
运维工程师,重庆 渝北区 龙溪,直真科技,计算机软件,未融资,500-999人,5-8K,1-3年,本科
python自动化,西安 长安区 ,软通动力,计算机软件,已上市,10000人以上,9-14K,1-3年,本科
Python,西安 长安区 王寺,软通动力,计算机软件,已上市,10000人以上,9-14K,3-5年,本科
Python,上海 普陀区 真如,格略,咨询,未融资,20-99人,15-19K,5-10年,本科
Python,南京 雨花台区 铁心桥,润和软件,移动互联网,已上市,1000-9999人,9-14K,1-3年,本科
Python讲师,杭州 拱墅区 古墩路,小码教育,在线教育,C轮,1000-9999人,10-15K,经验不限,学历不限
Python,杭州 滨江区 滨江区政府,安恒信息,信息安全,D轮及以上,1000-9999人,15-30K,5-10年,本科
python研发,深圳 南山区 科技园,腾讯,互联网,已上市,10000人以上,30-60K,5-10年,本科
Python,北京 海淀区 万寿路,BoringKillerLtd,移动互联网,天使轮,20-99人,20-25K,3-5年,本科
Python,西安 雁塔区 ,中软国际,计算机软件,已上市,10000人以上,8-16K,1-3年,本科
Python,杭州 滨江区 长河,软通动力,计算机软件,已上市,10000人以上,10-20K,1-3年,大专
python工程师,苏州 吴中区 娄葑,玩友时代,游戏,未融资,1000-9999人,7-12K,1-3年,大专
python测试,南京 雨花台区 铁心桥,润和软件,移动互联网,已上市,1000-9999人,10-15K·13薪,3-5年,本科
python,西安  ,软通动力,计算机软件,已上市,10000人以上,15-25K,3-5年,本科
python开发,杭州 滨江区 长河,软通动力,计算机软件,已上市,10000人以上,7-12K,1-3年,本科
python开发工程师,厦门 集美区 后溪,网宿科技,互联网,已上市,1000-9999人,10-15K,3-5年,本科
Python开发,深圳 龙岗区 坂田,软通动力信息技术集团,计算机软件,不需要融资,10000人以上,10-20K,3-5年,本科
Python,北京  ,金风科技,计算机软件,已上市,1000-9999人,15-30K,3-5年,本科
Python,广州 海珠区 南洲,微宽信息,移动互联网,天使轮,20-99人,10-18K,3-5年,本科
Python老师,大同  ,傲梦网络科技,在线教育,B轮,500-999人,7-12K,经验不限,本科
Python,济南 市中区 伟东,艾克瑞特,在线教育,不需要融资,100-499人,6-7K,经验不限,本科
Python,南京 江宁区 大学城,软通动力,计算机软件,已上市,10000人以上,9-14K,1-3年,本科
Python,杭州 西湖区 文一路,中焯信息,移动互联网,不需要融资,100-499人,10-15K,3-5年,学历不限
python老师,石家庄  ,傲梦网络科技,在线教育,B轮,500-999人,6-11K,经验不限,本科
Python工程师,苏州 虎丘区 科技城,安硕信息技术,计算机软件,已上市,1000-9999人,8-13K,1-3年,本科
Python,东莞  ,软通动力信息技术集团,计算机软件,不需要融资,10000人以上,10-15K,3-5年,本科
Python,武汉 江汉区 北湖,合肥英泽信息科技,计算机软件,未融资,100-499人,7-10K,1-3年,本科
Python工程师,福州  ,新大陆教育,在线教育,未融资,100-499人,10-15K,1-3年,本科
Python,济南 历下区 奥体中心,固源信息科技,信息安全,未融资,0-20人,6-11K,1-3年,大专
Python,西安  ,软通动力,计算机软件,已上市,10000人以上,8-16K,经验不限,本科
Python开发,西安  ,武汉佰钧成,计算机软件,不需要融资,10000人以上,7-12K,1-3年,本科
Python工程师,北京 海淀区 学院路,志翔科技,信息安全,B轮,100-499人,15-30K,3-5年,本科
Python工程师,北京 朝阳区 国贸,中恒国信,互联网,,100-499人,8-12K,3-5年,大专
python架构师,北京 海淀区 马连洼,滴滴出行,移动互联网,D轮及以上,1000-9999人,30-45K,5-10年,本科
Python,北京 朝阳区 朝阳门,合胜科技,计算机软件,已上市,500-999人,8-10K,1-3年,本科
Python大数据工程师,北京 海淀区 学院路,志翔科技,信息安全,B轮,100-499人,15-30K,3-5年,本科
Python课程研发,北京 丰台区 世界公园,瓦力工厂机器人,智能硬件,B轮,100-499人,7-10K,1-3年,本科
Python,北京 海淀区 中关村,亿卫欣,医疗健康,,20-99人,20-40K,3-5年,本科
Python开发工程师,北京 海淀区 清河,多牛传媒,广告营销,已上市,500-999人,10-15K,1-3年,本科
Python,北京 海淀区 中关村,亿卫欣,医疗健康,,20-99人,15-30K,3-5年,本科
Python运维开发工程师,北京 海淀区 中关村,有利网,互联网金融,不需要融资,10000人以上,15-30K,3-5年,本科
Python⼯程师,北京 海淀区 苏州街,文思海辉,计算机软件,已上市,10000人以上,10-11K,1-3年,本科
Python开发工程师,北京 朝阳区 望京,快法务,企业服务,未融资,500-999人,18-35K,3-5年,本科
Python(北京）,北京 朝阳区 朝外,蜻蜓FM,互联网,D轮及以上,100-499人,18-36K,3-5年,本科
Python,北京 海淀区 上地,中睿天下,互联网,A轮,100-499人,15-30K,3-5年,本科
Python兼职讲师,北京 昌平区 回龙观,数学家,在线教育,天使轮,20-99人,10-20K,3-5年,本科
Python高级工程师,北京 朝阳区 酒仙桥,奇安信集团,信息安全,不需要融资,1000-9999人,20-40K,3-5年,本科
资深Python研发工程师,北京 海淀区 牡丹园,国双科技,互联网,已上市,1000-9999人,25-40K,5-10年,本科
Python工程师,北京 东城区 雍和宫,嘉和美康,计算机软件,C轮,500-999人,13-18K,1-3年,本科
python工程师,北京 朝阳区 太阳宫,老虎集团,互联网,已上市,100-499人,20-40K,3-5年,本科
Python,北京 朝阳区 望京,阿里巴巴集团,互联网,不需要融资,10000人以上,30-60K,3-5年,本科
高级Python开发工程师,北京 海淀区 五道口,iHandy,移动互联网,不需要融资,100-499人,25-40K·14薪,3-5年,本科
python,北京 朝阳区 朝外,车势科技,互联网,B轮,100-499人,12-24K,3-5年,本科
Python工程师,北京 朝阳区 望京,海马轻帆,移动互联网,A轮,20-99人,10-15K,1-3年,本科
Python开发工程师,北京 朝阳区 望京,陌陌,移动互联网,已上市,1000-9999人,20-35K,3-5年,本科
机器学习Python研发工程师,北京 大兴区 ,京东数字科技,互联网,B轮,1000-9999人,20-40K,3-5年,本科
后端架构师（Python）,北京  ,中建材信息,移动互联网,已上市,500-999人,18-30K,5-10年,本科
Python工程师,北京 朝阳区 三元桥,Pocoweb,数据服务,不需要融资,20-99人,6-11K,1-3年,本科
Python开发工程师,北京 朝阳区 望京,马上消费金融,互联网金融,不需要融资,1000-9999人,20-30K,3-5年,大专
资深Python工程师,北京 朝阳区 三里屯,LBE TECH,移动互联网,C轮,100-499人,25-35K,3-5年,本科
Python研发工程师,北京 海淀区 知春路,东信北邮,移动互联网,未融资,1000-9999人,5-10K,经验不限,本科
Python高级软件工程师,上海 浦东新区 张江,联影智能,医疗健康,未融资,100-499人,20-30K,3-5年,本科
Python开发工程师,上海 浦东新区 世纪公园,雁联技术,计算机软件,不需要融资,1000-9999人,9-17K,1-3年,大专
Python兼职讲师,上海 普陀区 长风,上海新康进修学院,在线教育,A轮,500-999人,12-20K,3-5年,学历不限
Python爬虫工程师,上海 浦东新区 唐镇,斯睿德,互联网,B轮,20-99人,7-12K,1-3年,本科
Java+Python,上海 杨浦区 平凉路,上海雁展,互联网,A轮,20-99人,10-15K,1-3年,本科
后端开发工程师（Java、c#、python）,上海 长宁区 中山公园,ThoughtWorks,互联网,不需要融资,1000-9999人,20-40K,3-5年,学历不限
Python开发工程师,上海 浦东新区 世纪公园,炫踪,游戏,已上市,500-999人,15-18K,经验不限,学历不限
python讲师（普陀区）,上海  ,上海新康进修学院,在线教育,A轮,500-999人,15-30K,1-3年,本科
Python开发工程师,上海 浦东新区 金桥,软通动力,计算机软件,已上市,10000人以上,10-20K,1-3年,本科
自动化测试（python脚本）,上海 长宁区 北新泾,altenchina,计算机软件,已上市,10000人以上,11-20K,经验不限,本科
Python开发工程师,上海  ,宝尊电商,互联网,已上市,1000-9999人,15-20K,1-3年,本科
Python工程师,上海 浦东新区 张江,上海刻契,企业服务,A轮,0-20人,9-10K,经验不限,学历不限
Python开发工程师,上海 长宁区 北新泾,携程旅行网,互联网,已上市,10000人以上,15-16K,3-5年,本科
Python,上海 虹口区 四川北路,杰奕,计算机软件,未融资,20-99人,10-20K,3-5年,本科
Python工程师,上海 浦东新区 塘桥,恒生聚源,数据服务,A轮,500-999人,20-30K,3-5年,本科
Python讲师,上海  ,傲梦网络科技,在线教育,B轮,500-999人,5-10K,经验不限,本科
python开发工程师,上海 徐汇区 漕河泾,天玑科技,数据服务,已上市,500-999人,12-24K,1-3年,大专
中级后端工程师(python/odoo）,上海 松江区 九亭,Centron,仪器仪表/工业自动化,未融资,20-99人,15-20K,1-3年,本科
Python开发工程师,上海 浦东新区 金桥,软通动力,计算机软件,已上市,10000人以上,11-18K,1-3年,本科
python后台开发工程师（AI项目）,上海 浦东新区 陆家嘴,平安科技,计算机软件,不需要融资,1000-9999人,18-30K,3-5年,本科
Python技术经理,上海 徐汇区 徐家汇,上海刚泰文化集团,音乐/视频/阅读,已上市,100-499人,15-25K,3-5年,大专
Python后台开发,上海 宝山区 庙行,众标科技,数据服务,A轮,20-99人,8-12K,1年以内,本科
Python工程师,上海 浦东新区 张江,上海贝法瑞,计算机软件,,0-20人,7-14K,1-3年,本科
python 程序员,上海 浦东新区 潍坊,言通网络科技,通信/网络设备,不需要融资,100-499人,8-13K,3-5年,本科
Python开发工程师,上海 静安区 静安寺,上海飓色,电子商务,D轮及以上,100-499人,20-35K,3-5年,本科
python高级爬虫工程师,上海 青浦区 ,睿翎法律,数据服务,未融资,20-99人,9-18K,1-3年,本科
python高级开发工程师,上海 普陀区 金沙江路,喜宝供应链,电子商务,A轮,100-499人,10-20K,5-10年,大专
Python开发工程师,上海 浦东新区 潍坊,琻瑢信息,数据服务,天使轮,20-99人,10-15K,1-3年,本科
软件研发工程师C++/Java/Python/Go,上海 杨浦区 五角场,EMC,计算机服务,不需要融资,1000-9999人,20-25K,5-10年,本科
服务端工程师（java/C++/python等转erlang）,广州 天河区 员村,广州乐牛,游戏,不需要融资,100-499人,8-13K,经验不限,本科
Python电商程序员,广州 天河区 长兴,古特贸易,电子商务,不需要融资,0-20人,6-11K,经验不限,学历不限
Python实习生,广州 天河区 东圃,广州潮汐信息,数据服务,天使轮,0-20人,1-3K,经验不限,学历不限
Python机器学习工程师,广州 天河区 天河公园,佰锐科技,移动互联网,未融资,20-99人,12-20K,3-5年,本科
python（兼职讲师）开发,广州 天河区 猎德,自兴信息,数据服务,未融资,100-499人,30-60K,5-10年,大专
python开发工程师,广州 番禺区 市桥,广州思泰信息,其他行业,A轮,20-99人,8-15K,1-3年,本科
Python开发,广州 天河区 东圃,创梦空间,培训机构,天使轮,20-99人,8-9K,1-3年,大专
Python开发工程师,广州 天河区 东圃,广州潮汐信息,数据服务,天使轮,0-20人,15-20K,3-5年,本科
Python开发,广州 番禺区 洛溪,不明觉厉,互联网,不需要融资,0-20人,2-5K,经验不限,学历不限
初级Python后端开发工程师,广州 海珠区 琶洲,烹茶科技,社交网络,天使轮,0-20人,8-12K,应届生,本科
Python高级开发工程师,广州 荔湾区 芳村,AAM中国,计算机软件,未融资,100-499人,15-26K,3-5年,本科
少儿编程教师（Python）,广州 天河区 体育中心,编程猫,移动互联网,C轮,1000-9999人,8-13K,经验不限,本科
Python,广州 番禺区 大学城,广州方阵科技有限...,移动互联网,天使轮,0-20人,7-12K,1-3年,本科
python开发工程师（运维）,广州 天河区 员村,云鲸智能,智能硬件,A轮,20-99人,15-30K,1-3年,本科
c++/java/python/golang转erlang服务端开发,广州 海珠区 琶洲,悦世界,游戏,不需要融资,100-499人,6-8K,1年以内,本科
后端工程师（Python方向）,广州 番禺区 大学城,有米科技,移动互联网,已上市,500-999人,16-25K,3-5年,本科
python讲师,广州 天河区 华景新城,初越,在线教育,未融资,20-99人,5-6K,经验不限,学历不限
Python讲师（五险一金+奖金）,广州 黄埔区 科学城,粤嵌小创客,培训机构,已上市,500-999人,10-15K,3-5年,本科
少儿编程（python）讲师,广州 海珠区 赤岗,乐博乐博机器人,培训机构,已上市,100-499人,4-8K,经验不限,本科
Python django后端工程师,广州 白云区 黄石,立云科技,互联网,未融资,0-20人,6-10K,1-3年,本科
python开发工程师,广州 天河区 天河公园,网易游戏,游戏,已上市,10000人以上,11-20K,1-3年,本科
Python工程师,广州 海珠区 新港,优德,计算机软件,未融资,0-20人,5-10K,经验不限,大专
python网页后端,广州 天河区 珠江新城,大世科技,互联网,未融资,20-99人,8-12K,1-3年,本科
Python WEB工程师,广州 海珠区 新港,优德,计算机软件,未融资,0-20人,4-9K,经验不限,大专
python运维开发工程师,广州 天河区 员村,智建云,移动互联网,A轮,20-99人,10-18K,3-5年,大专
python讲师,广州 天河区 元岗,广州尚学堂,在线教育,不需要融资,100-499人,15-30K,3-5年,本科
高级Python工程师,广州 天河区 五山,拼吧科技,企业服务,天使轮,0-20人,17-21K,3-5年,大专
python讲师,广州 天河区 元岗,深圳市领讯云智能,培训机构,,0-20人,10-15K,1-3年,大专
Python,广州 越秀区 东风,广州诚益,医疗健康,A轮,20-99人,6-12K,1-3年,本科
Python开发工程师,广州 天河区 天河公园,网易,移动互联网,已上市,10000人以上,15-30K,1-3年,本科
Python开发工程师,深圳 罗湖区 黄贝岭,掌世界,游戏,不需要融资,100-499人,8-13K,1-3年,大专
Python开发工程师,深圳 南山区 西丽,普特医学,医疗健康,未融资,100-499人,15-24K,3-5年,本科
Python高级工程师,深圳 南山区 后海,牧原数字技术有限公司,计算机软件,已上市,10000人以上,25-50K,3-5年,本科
Python讲师,深圳 南山区 后海,小码教育,在线教育,C轮,1000-9999人,10-15K,1-3年,本科
PHP兼python工程师,深圳 福田区 购物公园,前宝通,计算机软件,A轮,20-99人,10-20K,3-5年,大专
资深Python研发工程师,深圳 福田区 岗厦,国双科技,互联网,已上市,1000-9999人,20-40K,5-10年,本科
Python开发工程师,深圳 南山区 西丽,杉岩数据,计算机软件,B轮,100-499人,12-24K,1-3年,本科
Python 高级工程师,深圳 龙华区 民治,领脉,电子商务,天使轮,20-99人,25-35K,5-10年,本科
Python高级开发工程师,深圳 南山区 后海,跨越速运南山IT中心,互联网,不需要融资,10000人以上,18-35K,3-5年,大专
Python后台架构师,深圳 宝安区 西乡,小步网络,移动互联网,B轮,100-499人,20-40K,5-10年,本科
python客户端工程师,深圳 南山区 科技园,深圳淘乐,游戏,不需要融资,500-999人,8-13K,1年以内,本科
Python开发工程师,深圳 南山区 科技园,云估价,数据服务,A轮,100-499人,18-25K,5-10年,本科
python,深圳 南山区 科技园,易特科集团,医疗健康,未融资,100-499人,15-25K,3-5年,本科
后端工程师（python/C++）,深圳 南山区 科技园,逻辑汇,互联网金融,天使轮,0-20人,12-24K,经验不限,本科
Python 后台开发经理,深圳 南山区 科技园,AfterShip,互联网,不需要融资,100-499人,30-50K,5-10年,本科
Python,深圳 福田区 车公庙,云图智联,计算机软件,未融资,0-20人,15-30K,3-5年,本科
初级Python开发工程师,深圳 南山区 科技园,荔枝微课,互联网,B轮,100-499人,10-15K,1-3年,本科
python开发工程师,深圳 龙岗区 坂田,软通动力,计算机软件,已上市,10000人以上,11-22K,3-5年,本科
Python 后台工程师,深圳 南山区 科技园,AfterShip,互联网,不需要融资,100-499人,12-23K,1-3年,本科
python（兼职讲师）,深圳 南山区 南油,自兴信息,数据服务,未融资,100-499人,30-60K,5-10年,大专
高级 Python 后台工程师,深圳 南山区 科技园,AfterShip,互联网,不需要融资,100-499人,25-35K,3-5年,本科
Python 实习生,深圳 南山区 科技园,睿初科技（深圳）...,互联网,已上市,100-499人,2-3K,经验不限,本科
Python,深圳  ,乐易,游戏,A轮,100-499人,15-25K,3-5年,本科
Python高级开发工程师,深圳 南山区 科技园,深圳趣凡网络科技,游戏,不需要融资,100-499人,15-25K,3-5年,本科
Python开发工程师,深圳 南山区 科技园,Metanotitia Lnc,医疗健康,,20-99人,15-30K,3-5年,本科
Python开发,深圳 龙岗区 坂田,isoftstone,计算机软件,已上市,1000-9999人,13-20K·13薪,3-5年,本科
python后台开发工程师,深圳 南山区 科技园,观麦,移动互联网,B轮,100-499人,10-20K,1-3年,本科
Python 开发工程师,深圳 南山区 西丽,绿米,移动互联网,B轮,500-999人,12-24K,1-3年,本科
Python研发工程师,深圳 南山区 新安,源伞,信息安全,天使轮,20-99人,14-28K,经验不限,本科
兼职Python讲师,深圳 南山区 科技园,泽林信息,在线教育,不需要融资,1000-9999人,20-30K,5-10年,大专
Python后端开发工程师,杭州 西湖区 西溪,Eigen,移动互联网,A轮,100-499人,15-25K,3-5年,本科
Python,杭州  ,太阳伞科技,计算机软件,天使轮,0-20人,14-28K,3-5年,本科
资深Python工程师,杭州 滨江区 滨江区政府,火石创造,互联网,A轮,100-499人,15-25K,1-3年,本科
高级Python工程师,杭州 拱墅区 万达广场,博博科技,医疗健康,A轮,20-99人,15-30K,3-5年,本科
Python开发工程师,杭州  ,初刻数据,电子商务,未融资,0-20人,6-11K,1-3年,本科
python开发工程师,杭州 余杭区 仓前,博彦科技,计算机软件,已上市,1000-9999人,12-18K,3-5年,大专
python开发工程师,杭州 滨江区 长河,诚品科技,计算机软件,未融资,20-99人,6-9K,1-3年,本科
"Java,Python 实习生",杭州 西湖区 三墩,远图互联,互联网,B轮,100-499人,3-4K,经验不限,硕士
python/go实习生,杭州 余杭区 仓前,杭州默安科技有限公司,信息安全,A轮,100-499人,4-5K,应届生,本科
Python后端开发工程师,杭州 西湖区 西溪,熊猫优选,电子商务,B轮,20-99人,18-30K,1-3年,本科
中级Python,杭州 余杭区 仓前,杭州康策网络,医疗健康,不需要融资,100-499人,12-18K,3-5年,本科
python开发工程师,杭州  ,沃趣科技,计算机软件,未融资,100-499人,9-14K,1-3年,本科
Python开发工程师,杭州 西湖区 文一路,中焯信息,移动互联网,不需要融资,100-499人,10-15K,1-3年,本科
Python开发工程师,杭州 西湖区 古荡,汉高科技,计算机软件,不需要融资,20-99人,12-16K,3-5年,大专
python（兼职讲师）开发,杭州 萧山区 钱江世纪城,自兴信息,数据服务,未融资,100-499人,30-60K,5-10年,大专
交付技术支持-Java/Python开发,杭州 西湖区 转塘,朗新科技,计算机软件,已上市,1000-9999人,10-15K,1-3年,本科
Python开发工程师,杭州 余杭区 仓前,浙江快工网络,O2O,天使轮,20-99人,8-10K,1-3年,本科
Python开发工程师,杭州 西湖区 文一路,中焯信息,移动互联网,不需要融资,100-499人,8-12K,1-3年,大专
Python开发工程师,杭州 江干区 下沙,嘉兴构美,电子商务,A轮,100-499人,10-15K,3-5年,本科
Python高级开发工程师,杭州  ,沃趣科技,计算机软件,未融资,100-499人,16-22K,3-5年,本科
Python高级开发工程师,杭州 萧山区 宁围,杭州深地,互联网,天使轮,20-99人,13-25K,5-10年,本科
python爬虫工程师,杭州  ,梁婧科技,互联网,,0-20人,10-15K,3-5年,大专
Python 开发工程师,杭州 萧山区 北干,微医集团,互联网,D轮及以上,1000-9999人,15-30K,3-5年,本科
Python高级开发工程师,杭州 拱墅区 万达广场,京东数字科技,互联网,B轮,1000-9999人,20-40K,3-5年,本科
python/go实习生,杭州 余杭区 仓前,杭州默安科技有限公司,信息安全,A轮,100-499人,5-6K,经验不限,本科
Python开发工程师,杭州 西湖区 西溪,诺诺网,互联网,不需要融资,100-499人,13-25K,3-5年,硕士
Python web开发工程师,杭州 萧山区 宁围,杭州深地,互联网,天使轮,20-99人,10-20K,1-3年,大专
Python,杭州  ,美登,企业服务,不需要融资,20-99人,15-30K,1-3年,本科
Python技术经理,杭州 萧山区 钱江世纪城,数行科技,数据服务,天使轮,0-20人,15-25K,3-5年,本科
高级讲师（Python、C++）,杭州 上城区 近江,童乐码,其他专业服务,未融资,0-20人,10-15K,1-3年,本科
