job_name,job_company,job_addr,job_experience,job_edu,job_salary
Python开发工程师,花旗金融信息服务（中国）有限公司大连分公司,大连,无工作经验,招10人,
Python开发工程师,广州国交润万交通信息有限公司,广州,1年经验,本科,0.8-1.2万/月
国企/2019年应届硕士/可解决户口/Python工程师,大唐融合通信股份有限公司,北京-东城区,无工作经验,硕士,6-8千/月
python 研发工程师,长安通信科技有限责任公司,北京-朝阳区,无工作经验,招5人,1-1.5万/月
python开发工程师（武汉）,北京华路时代信息技术股份有限公司,武汉-东湖新技术产业开发区,2年经验,本科,0.7-1.2万/月
python/java高级后端开发,南京数溪智能科技有限公司,南京-秦淮区,3-4年经验,招若干人,0.8-1.8万/月
PHP高级程序员(python程序员）,浙江房洽洽网络科技有限公司,宁波,2年经验,大专,0.8-1.5万/月
python开发工程师,北京天云智汇科技有限公司,北京-海淀区,1年经验,招若干人,1-3万/月
SAS/R/Python语言 金融 数据分析 数据挖掘,深圳市长亮科技股份有限公司,常州,2年经验,本科,0.8-1.6万/月
python开发,优品科技股份有限公司,珠海-香洲区,无工作经验,大专,6-8千/月
python少儿编程老师,北京童程童美科技有限公司,北京-朝阳区,无工作经验,本科,0.8-1万/月
Python开发工程师,南京新立讯科技股份有限公司,南京-雨花台区,3-4年经验,本科,1-1.5万/月
Python爬虫研发工程师,广州多益网络股份有限公司,武汉-武昌区,无工作经验,招5人,1-2万/月
Python课程研发,珺馨科技有限公司,北京-海淀区,1年经验,本科,1-1.5万/月
Python 数据分析师,知才（上海）信息技术有限公司,上海-浦东新区,无工作经验,招4人,1-1.6万/月
Python资深开发工程师,晶宇光电（厦门）有限公司,厦门,3-4年经验,本科,0.5-1万/月
python开发工程师（高级）,广州锦行网络科技有限公司,广州-天河区,3-4年经验,大专,1.2-1.8万/月
Python数据分析师,上海玖数软件有限公司,上海-普陀区,2年经验,本科,0.8-1.2万/月
四年/python开发/后台开发工程师,上海溪纬网络科技有限公司,上海-嘉定区,3-4年经验,招2人,1-1.5万/月
Python开发工程师（深圳宝安区）,广州金达通信息科技有限公司,深圳,2年经验,大专,0.8-1万/月
算法工程师 python,广州尚礼坊,广州-海珠区,3-4年经验,本科,0.5-1.5万/月
Python 讲师,江苏万和系统工程有限公司,南京-雨花台区,1年经验,本科,1.2-2万/月
Python工程师,宁波齐配汽车零部件有限公司,宁波-江北区,1年经验,大专,0.3-1万/月
python讲师（六险一金+双休）,北京金信润天信息技术股份有限公司武汉分公司,武汉-洪山区,2年经验,本科,0.8-1.5万/月
Python开发（量化策略）,上海财浪投资管理有限公司,上海-浦东新区,3-4年经验,本科,0.8-1.5万/月
Python开发工程师,苏州东湾信息科技有限公司,苏州-工业园区,无工作经验,招3人,0.8-1.5万/月
Python开发工程师,湖北百旺金赋科技有限公司,武汉-东湖新技术产业开发区,1年经验,本科,6-8千/月
高级Python/C++研发工程师,青岛艾德软件有限公司,青岛-黄岛区,3-4年经验,本科,1.2-1.5万/月
python软件开发工程师,武汉芯云道数据科技有限公司,武汉-东西湖区,1年经验,招若干人,10-15万/年
python后台开发工程师,深圳市云趣网络科技股份有限公司,深圳-南山区,1年经验,大专,1-1.5万/月
自动化实施（shell/python）,北京中亦安图科技股份有限公司,上海,1年经验,本科,1-1.5万/月
爬虫工程师（python）,福建省大司空信息科技有限公司重庆分公司,重庆-渝北区,1年经验,本科,6-9.6千/月
Python开发工程师,杭州汇萃智能科技有限公司,杭州-余杭区,2年经验,本科,1-1.5万/月
job_name,job_company,job_addr,job_experience,job_edu,job_salary
Python开发工程师,花旗金融信息服务（中国）有限公司大连分公司,大连,无工作经验,招10人,
Python开发工程师suk,上海华泛信息服务有限公司,昆山,2年经验,大专,1-1.5万/月
python/PHP高级程序员,江苏艾康生物医药研发有限公司,南京-浦口区,5-7年经验,大专,1.2-2万/月
Python量化开发工程师,上海汇银（集团）有限公司,上海-静安区,无工作经验,招1人,1.8-2.5万/月
Python开发工程师,广州深声科技有限公司,广州-天河区,无工作经验,招1人,0.8-1.3万/月
python开发工程师,福建我家网络科技有限公司,福州-鼓楼区,2年经验,大专,0.8-1.2万/月
Python开发工程师(职位编号：J191682),网易集团,广州,2年经验,本科,1.5-2万/月
Python开发工程师（量化开发）,北京友信科技有限公司,深圳-南山区,3-4年经验,本科,1.5-2.6万/月
Python Web开发工程师,浙江省数理医学学会,杭州-西湖区,无工作经验,大专,6-8千/月
国企/2019年应届硕士/可解决户口/Python工程师,大唐融合通信股份有限公司,北京-东城区,无工作经验,硕士,6-8千/月
Python开发工程师,广州国交润万交通信息有限公司,广州,1年经验,本科,0.8-1.2万/月
python 研发工程师,长安通信科技有限责任公司,北京-朝阳区,无工作经验,招5人,1-1.5万/月
python开发工程师（武汉）,北京华路时代信息技术股份有限公司,武汉-东湖新技术产业开发区,2年经验,本科,0.7-1.2万/月
python/java高级后端开发,南京数溪智能科技有限公司,南京-秦淮区,3-4年经验,招若干人,0.8-1.8万/月
PHP高级程序员(python程序员）,浙江房洽洽网络科技有限公司,宁波,2年经验,大专,0.8-1.5万/月
python开发工程师,北京天云智汇科技有限公司,北京-海淀区,1年经验,招若干人,1-3万/月
python开发工程师（高级）,广州锦行网络科技有限公司,广州-天河区,3-4年经验,大专,1.2-1.8万/月
Python开发工程师,北京殷图网联科技股份有限公司,福州,2年经验,本科,1-1.5万/月
四年/python开发/后台开发工程师,上海溪纬网络科技有限公司,上海-嘉定区,3-4年经验,招2人,1-1.5万/月
Python数据分析师,上海玖数软件有限公司,上海-普陀区,2年经验,本科,0.8-1.2万/月
Python开发工程师（深圳宝安区）,广州金达通信息科技有限公司,深圳,2年经验,大专,0.8-1万/月
算法工程师 python,广州尚礼坊,广州-海珠区,3-4年经验,本科,0.5-1.5万/月
Python开发工程师,深圳市玄羽科技有限公司,深圳-龙华新区,1年经验,本科,1-1.5万/月
Python 讲师,江苏万和系统工程有限公司,南京-雨花台区,1年经验,本科,1.2-2万/月
Python工程师,宁波齐配汽车零部件有限公司,宁波-江北区,1年经验,大专,0.3-1万/月
python讲师（六险一金+双休）,北京金信润天信息技术股份有限公司武汉分公司,武汉-洪山区,2年经验,本科,0.8-1.5万/月
Python开发工程师,北京嘉连勤科技有限公司,深圳-南山区,2年经验,大专,0.8-1.5万/月
Python 实习生,大宇宙信息创造（中国）有限公司,苏州-工业园区,无工作经验,大专,3-5千/月
Python开发（量化策略）,上海财浪投资管理有限公司,上海-浦东新区,3-4年经验,本科,0.8-1.5万/月
Python开发工程师,苏州东湾信息科技有限公司,苏州-工业园区,无工作经验,招3人,0.8-1.5万/月
Python后端工程,武汉深捷科技股份有限公司,武汉-江岸区,无工作经验,招若干人,0.6-1万/月
Python开发工程师,湖北百旺金赋科技有限公司,武汉-东湖新技术产业开发区,1年经验,本科,6-8千/月
python高级研发工程师,壹沓科技（上海）有限公司,上海-静安区,3-4年经验,本科,1.5-2.8万/月
高级Python/C++研发工程师,青岛艾德软件有限公司,青岛-黄岛区,3-4年经验,本科,1.2-1.5万/月
python软件开发工程师,武汉芯云道数据科技有限公司,武汉-东西湖区,1年经验,招若干人,10-15万/年
Python工程师,上海乐言信息科技有限公司,上海-长宁区,3-4年经验,招2人,2-4万/月
自动化实施（shell/python）,北京中亦安图科技股份有限公司,上海,1年经验,本科,1-1.5万/月
高级Python开发工程师（机器学习方向）,瓦戈科技（上海）有限公司,上海-浦东新区,3-4年经验,本科,1.5-2.5万/月
爬虫工程师（python）,福建省大司空信息科技有限公司重庆分公司,重庆-渝北区,1年经验,本科,6-9.6千/月
Python高级开发工程师,上海彩虹鱼海洋科技股份有限公司,上海-徐汇区,2年经验,本科,0.6-3万/月
Python开发工程师,杭州汇萃智能科技有限公司,杭州-余杭区,2年经验,本科,1-1.5万/月
Python或java项目经理及学徒,邵阳市中正网络传媒有限责任公司,邵阳,5-7年经验,招1人,1-1.5万/月
Python/Lua软件开发工程师,长沙千视电子科技有限公司,长沙,无工作经验,招3人,6-8千/月
Python工程师/数据工程师,康美中药材数据信息服务有限公司,深圳-福田区,2年经验,本科,1.5-3万/月
Python开发工程师,上学啦（深圳）科技有限公司,深圳-宝安区,1年经验,大专,0.8-1万/月
Python讲师,武汉尚云客网络技术有限公司,武汉-洪山区,2年经验,本科,1-1.5万/月
少儿编程讲师（Scratch，Python，C++）,上海小码王,上海-徐汇区,无工作经验,本科,0.8-1.5万/月
Python软件工程师,武汉华大国家数字化学习工程技术有限公司,武汉,2年经验,本科,0.9-1.5万/月
Python 开发工程师,南阳市奇观信息技术有限责任公司,南阳,2年经验,大专,4.5-6千/月
运维开发/Python开发工程师,深圳市心云科技有限公司,广州-天河区,2年经验,本科,1-2万/月
python 工程师,广西通玄科技有限公司,南宁,3-4年经验,招2人,6-8千/月
Python高级开发工程师,络鬓科技（上海）有限公司,上海-静安区,无工作经验,招1人,1.5-2.5万/月
Python老师,郑州市华人职业培训学校,郑州-金水区,无工作经验,招2人,4-8千/月
数据开发工程师（python爬虫方向）,创业伞投资有限公司,上海-杨浦区,无工作经验,招5人,0.7-1.3万/月
技术支持工程师（Python软件运维）,北京普瑞亿科科技有限公司,北京-海淀区,无工作经验,本科,6-8千/月
BI运维工程师,数云信息技术（上海）有限公司,上海,2年经验,大专,1-1.5万/月
自动化测试工程师,上海测开教育科技有限公司,杭州,无工作经验,招2人,1.3-1.6万/月
软件测试实习生,威胜集团有限公司,长沙-岳麓区,无工作经验,本科,2-4千/月
数据挖掘工程师,广州奇异果科技有限公司,广州-海珠区,无工作经验,招1人,2-5万/月
运维工程师,溢米辅导-中小学在线1对1,上海-徐汇区,3-4年经验,本科,1.5-2万/月
日语优秀者免费培训JAVA,大连华小讯科技有限公司,大连-高新园区,无工作经验,招10人,1.5千以下/月
BI工程师（大数据方向）,上海寸心创意科技有限公司,上海-浦东新区,3-4年经验,本科,1.5-2万/月
AI人工智能研发工程师,中电科信息产业有限公司,郑州-郑东新区,2年经验,硕士,1.2-1.6万/月
数据分析工程师,上海航动科技有限公司,上海-徐汇区,2年经验,大专,0.8-1.2万/月
Web前端开发工程师,汇智众通（深圳）科技文化产业有限公司,深圳-南山区,2年经验,大专,4-6千/月
软件测试工程师,广东优力普物联科技有限公司,东莞-松山湖区,2年经验,大专,1-1.5万/月
高频量化策略研究员,上海中贸投资有限公司,上海-普陀区,3-4年经验,硕士,2.5-5万/月
大数据开发工程师,郑州软通合力计算机技术有限公司,郑州-二七区,无工作经验,招2人,0.9-1.3万/月
测试工程师(职位编号：WL304),网络通信与安全紫金山实验室,南京-江宁区,2年经验,硕士,
AI算法 (MJ000696),浙江企朋网络技术股份有限公司,杭州-西湖区,3-4年经验,招1人,2.5-4万/月
软件测试工程师,国能日新科技股份有限公司,武汉-江汉区,3-4年经验,本科,6-8千/月
自动化测试工程师,广州天源信息科技股份有限公司,广州,2年经验,本科,0.8-1.5万/月
金融量化分析 岗,上海玛瑙数据科技有限公司,上海-浦东新区,无工作经验,本科,0.6-1万/月
深度学习工程师（模型优化方面）,广东星舆科技有限公司,广州-天河区,1年经验,本科,1.5-2万/月
PHP开发工程师,有数盒子成都科技有限公司,成都-高新区,5-7年经验,大专,1-1.5万/月
风险分析及策略,上海夺汇网络技术有限公司,上海-杨浦区,3-4年经验,本科,1.5-3万/月
运维开发工程师,湖北亿咖通科技有限公司,上海-徐汇区,2年经验,本科,2-3万/月
网管软件开发工程师,深圳互由科技有限公司,深圳,3-4年经验,大专,1.2-1.5万/月
Java开发工程师,杭州博彦信息技术有限公司,成都-武侯区,无工作经验,大专,1.2-1.7万/月
System Engineer - Microsoft Technology,北京国际度假区有限公司,北京-通州区,10年以上经验,本科,2.5-3万/月
SOC Design Intern,上海燧原科技有限公司,北京-海淀区,无工作经验,本科,3-4.5千/月
系统运维工程师,绵阳市商业银行股份有限公司,绵阳,1年经验,本科,8-12万/年
Verification Engineer,挪拉通科技（苏州）有限公司,苏州,3-4年经验,本科,1-1.5万/月
Node.js开发工程师,广州茶途网络科技有限公司,广州-天河区,2年经验,大专,0.8-1.2万/月
后端开发工程师,上海汇珏网络通信设备有限公司,上海-奉贤区,3-4年经验,本科,0.8-1.5万/月
运维工程师,广州悦娱信息科技有限公司,广州-天河区,1年经验,大专,0.6-1万/月
绑定,吉林省凝羽动画有限公司,长春-朝阳区,无工作经验,大专,4-8千/月
系统运维工程师,广西哈曼科技有限公司,南宁,无工作经验,大专,3-6千/月
驻场前端开发工程师 12K-18K,上海佩琪信息技术有限公司,上海,无工作经验,本科,1.2-1.8万/月
数据分析师,启德教育集团留学广州分公司,广州-越秀区,无工作经验,招若干人,0.8-1万/月
Java开发工程师,上海凡族信息科技有限公司,上海-闵行区,2年经验,招若干人,2.2-2.7万/月
c/c++开发工程师,天下支付科技有限公司,深圳-福田区,3-4年经验,本科,1.3-2万/月
网络人员,上海润和信息技术服务有限公司,南京-建邺区,3-4年经验,招5人,0.8-1.2万/月
算法工程师,杭州德适生物科技有限公司,杭州,3-4年经验,本科,1.5-2万/月
PHP开发工程师  1,深圳市合纵伟业科技有限公司,深圳-龙岗区,2年经验,大专,0.7-1.2万/月
游戏服务端开发工程师,Triniti Interactive,上海-浦东新区,2年经验,本科,1.5-2.5万/月
Java研发工程师,浙江大学滨海产业技术研究院,天津-滨海新区,2年经验,本科,0.8-1.5万/月
Software Intern/软件实习生,耐世特汽车系统（苏州）有限公司,苏州,无工作经验,本科,2-3千/月
技术储备主管,浙江阳光照明电器集团股份有限公司,绍兴,无工作经验,本科,10-15万/年
大数据挖掘工程师,东莞市金源药业有限公司,东莞-寮步镇,3-4年经验,大专,0.6-2万/月
项目主管,三门峡崤云视联科技有限公司,三门峡,无工作经验,招2人,0.5-1万/月
camera测试工程师,北京湛腾世纪科技有限公司,南京-建邺区,无工作经验,大专,6-8千/月
OCR算法工程师,上海商霖华通投资咨询有限公司,武汉,2年经验,本科,1.2-2.2万/月
测试经理,南京乐居网络科技有限公司,南京-江宁区,5-7年经验,大专,1-1.5万/月
图像算法工程师,温州欣承信息技术有限公司,温州,无工作经验,招1人,1-2万/月
数据挖掘工程师,广州欧昊装饰工程有限公司,佛山-顺德区,3-4年经验,本科,1-2万/月
游戏C++后台开发工程师,花色互娱（深圳）网络科技有限公司,深圳-南山区,2年经验,大专,1.2-2.2万/月
软件测试工程师,福州金苹果网络信息技术有限公司,福州,无工作经验,招若干人,4-7千/月
计算机视觉工程师,上海太昂科技有限公司,上海-浦东新区,2年经验,硕士,24-30万/年
BIM开发工程师,碧桂园机器人公司,佛山-顺德区,无工作经验,本科,1.5-3万/月
三维特效师,广州悦享环球文化科技有限公司,广州-黄埔区,无工作经验,招2人,0.7-1.2万/月
高级电气工程师（硕士/博士）,广州广日电梯工业有限公司,广州,无工作经验,硕士,0.7-1.1万/月
高级数据分析师(职位编号：FANTAWILD001530),华强方特文化科技集团股份有限公司,深圳-南山区,5-7年经验,本科,1.8-3.6万/月
IT产品经理,广州方圆现代生活服务股份有限公司,广州-天河区,5-7年经验,本科,1.5-2万/月
高级测试工程师,(ZAKER)广州坚和网络科技有限公司,广州-天河区,3-4年经验,大专,1-1.5万/月
PHP开发工程师,上海圣识网络科技有限公司,广州,1年经验,大专,0.8-1万/月
系统开发工程师,福建星网锐捷通讯股份有限公司,福州,无工作经验,本科,0.8-1.6万/月
算法规划分析,广州旭升源科技有限公司,济南,2年经验,大专,1-1.5万/月
软件测试工程师,上海厦泰生物科技有限公司,上海-浦东新区,1年经验,本科,0.8-1.2万/月
运维工程师（云运维）,珠海市新德汇信息技术有限公司,珠海,3-4年经验,本科,5-9千/月
高级测试工程师,广州中软信息技术有限公司,广州-天河区,5-7年经验,本科,0.8-1.2万/月
前端开发工程师,江西畅行停车管理有限公司,南昌-红谷滩新区,2年经验,招1人,4.5-6千/月
软件测试实习生,南京市秦淮区巩向明软件开发工作室,南京-雨花台区,无工作经验,大专,3-4.5千/月
机器学习应用工程师,深圳怡丰自动化科技有限公司,深圳-龙岗区,2年经验,本科,0.6-2万/月
软件测试工程师,无锡华普微电子有限公司,无锡,2年经验,本科,6-8千/月
测试工程师,珠海市乐云付科技有限公司深圳分公司,深圳,3-4年经验,本科,1-2万/月
人工智能工程师,广东车海洋环保科技有限公司,广州,3-4年经验,本科,1.5-2万/月
IT Helpdesk工程师（工作地点：徐家汇）,上海必胜客有限公司,上海-徐汇区,无工作经验,本科,0.8-1万/月
大数据挖掘工程师（Java方向）,青岛米果网络有限公司,青岛-市北区,1年经验,大专,0.5-1万/月
System Administrator（Linux）,维塔士电脑软件（成都）有限公司,成都,无工作经验,大专,0.8-1万/月
软件测试工程师(职位编号：4),中慧瑞景（北京）智能软件科技有限公司,北京-石景山区,3-4年经验,本科,1.5-2.5万/月
C/C++软件开发工程师,南京思创信息技术有限公司,南京-鼓楼区,3-4年经验,本科,0.8-1.5万/月
大数据架构师,无锡英臻科技有限公司,无锡,无工作经验,招若干人,1.8-2.5万/月
大数据开发工程师,深圳市世联土地房地产评估有限公司,武汉-洪山区,3-4年经验,本科,0.7-1万/月
运维工程师,深圳市秦丝科技有限公司,深圳-南山区,1年经验,本科,0.7-1.2万/月
PHP开发工程师,重庆市瑞德铭科技发展有限公司成都分公司,深圳-南山区,2年经验,本科,1-2万/月
研发总监/经理（技术合伙人）,重庆睿力诚科技有限公司,重庆-渝北区,8-9年经验,本科,1.5-2.5万/月
大数据高级工程师,成都卡莱博尔信息技术股份有限公司,成都,5-7年经验,本科,1.5-2.5万/月
高级算法工程师（年薪40W）,新华人寿保险股份有限公司西安市长安路支公司,西安-雁塔区,5-7年经验,本科,40-50万/年
储能工程师（pcs）,南京阿贝斯信息科技有限公司,南京-建邺区,1年经验,本科,0.8-1.6万/月
运维人员,云南倚天绿色能源科技集团有限公司,昆明,无工作经验,大专,5-6千/月
系统运维工程师,广州致讯信息科技有限责任公司,广州-黄埔区,3-4年经验,大专,0.6-1.5万/月
运维主管/运维经理,广东明世教育集团有限公司,广州-番禺区,5-7年经验,本科,1-2万/月
IT Cloud Engineer/IT云平台工程师,宏居网络技术（上海）有限公司,上海,5-7年经验,本科,2.5-3.5万/月
软件测试工程师Software Test Engineer,上海华屹数码科技有限公司,上海-徐汇区,2年经验,本科,1-1.5万/月
信息安全系统工程师（印度）,格创东智（深圳）科技有限公司,深圳-光明新区,无工作经验,招若干人,
算法工程师,北京煜邦电力技术股份有限公司,北京,2年经验,本科,1.5-2.5万/月
软件测试工程师,山东省社会组织云中心,济南-高新区,2年经验,本科,5-8千/月
软件测试工程师,音王电声股份有限公司,北京-丰台区,3-4年经验,本科,0.8-1.5万/月
Java后端开发工程师,赛特斯信息科技股份有限公司,南京,5-7年经验,本科,1-2万/月
高级测试工程师,百视通网络电视技术发展有限责任公司,北京,3-4年经验,本科,1-1.5万/月
运维工程师,北京滴普科技有限公司,广州-天河区,5-7年经验,大专,5-9千/月
需求分析,南京斐哲信息科技有限公司,南京-江宁区,3-4年经验,大专,1-1.5万/月
数据工程师,上海跨境通国际贸易有限公司,上海-宝山区,3-4年经验,本科,1.5-2.5万/月
U3d主程,成都介凯数字科技有限公司,成都-高新区,无工作经验,招8人,1-3.5万/月
平台运维工程师,福建星网智慧科技股份有限公司,福州,无工作经验,招5人,0.7-1万/月
机器人老师,常州市昂立教育培训中心,无锡-江阴市,1年经验,本科,3-4.5千/月
电子工程师,华芯半导体研究中心（广州）有限公司,广州-南沙区,3-4年经验,硕士,15-20万/年
高级运维工程师（互联网大健康项目）,融众资本投资集团有限公司,武汉-洪山区,5-7年经验,本科,1-1.5万/月
大数据架构师,南京浩铮澜医疗器械有限公司,南京-建邺区,5-7年经验,本科,30-40万/年
遥感图像算法工程师,苏州工业园区测绘地理信息有限公司,苏州-工业园区,无工作经验,硕士,6-8千/月
系统架构师,深圳曼顿科技有限公司,深圳-南山区,3-4年经验,本科,2.5-3.5万/月
网络工程师,杭州鲍洱机电有限公司,杭州-滨江区,2年经验,本科,6-8千/月
数据仓库工程师,北京天之华软件系统技术有限责任公司,北京-海淀区,5-7年经验,本科,2-3万/月
研发总监,深圳前海翼联科技有限公司,深圳-南山区,2年经验,本科,2-4万/月
云平台开发工程师,昆明龙慧科技有限公司,昆明,1年经验,本科,0.8-1万/月
IT Application Business Analyst,昆山杜克大学,昆山,5-7年经验,本科,8-8.9千/月
C++开发工程师,无锡卓信信息科技股份有限公司南京分公司,南京-玄武区,无工作经验,招5人,1.2-1.8万/月
前端开发工程师,广州市太易国际旅行社有限公司,广州-越秀区,2年经验,本科,6-8千/月
运维工程师,深圳博为教育科技有限公司,深圳-南山区,1年经验,大专,0.8-1万/月
iOS高级开发工程师,上海晓材科技有限公司,上海,2年经验,本科,1-1.5万/月
测试工程师,尚阳科技股份有限公司,广州,1年经验,本科,6-8千/月
运维工程师,北京思特奇信息技术股份有限公司安徽分公司,合肥-蜀山区,无工作经验,招3人,0.6-1万/月
大数据java开发,北京聚源锐思数据科技有限公司,北京-海淀区,3-4年经验,本科,1.5-2万/月
渗透测试工程师,海南科澜科技有限公司,海口,无工作经验,本科,4-7千/月
视觉软件工程师,苏州科立捷智能装备有限公司,青岛-城阳区,1年经验,硕士,0.8-1.5万/月
应用研究员（遥感方向）,深圳市博安达信息技术股份有限公司,深圳-南山区,无工作经验,本科,0.7-1.5万/月
Web前端开发工程师,图学惠科（武汉）教育研究院（有限合伙）,武汉-洪山区,无工作经验,招3人,5-8千/月
中级软件开发,烟台星商电子商务有限公司,烟台,无工作经验,招5人,5-8千/月
图像标注师,深圳哲彦信息技术有限公司,深圳-福田区,无工作经验,大专,4.5-6千/月
视觉算法工程师,浙江源态环保科技服务有限公司,杭州-江干区,5-7年经验,本科,0.8-1.3万/月
数据分析助理+班车,青岛沃隆食品有限公司,青岛,1年经验,大专,4.5-6千/月
官网运维工程师,遨森电子商务股份有限公司,宁波-镇海区,3-4年经验,本科,10-15万/年
Web实习生,十一维度科技有限责任公司,邵阳,无工作经验,招1人,1.5千以下/月
大数据开发工程师,火星人厨具股份有限公司,杭州-下城区,3-4年经验,硕士,3-4万/月
Architect(职位编号：1012673),微软销售市场和服务集团 （SMSG）,上海,10年以上经验,本科,
Senior Software Engineer(职位编号：1012516),微软应用与服务部门（ASG）,苏州,2年经验,硕士,
自然语言处理研发工程师,北京广而告之网讯传媒有限公司,北京-西城区,3-4年经验,本科,2.5-3万/月
大数据开发经理,安克创新科技股份有限公司深圳分公司,深圳-南山区,5-7年经验,本科,1.8-2.8万/月
数据库工程师,南京安智易达智能科技有限公司,南京-江宁区,3-4年经验,大专,10-15万/年
ROS机器人算法工程师,四川驹马科技有限公司,成都-锦江区,3-4年经验,大专,1.5-3万/月
量化策略研究员（实习/全职）(职位编号：H2018-ET0802),上海大雁资产管理中心 （有限合伙）,上海-浦东新区,无工作经验,硕士,30-60万/年
电子工程师/工程助理,深圳光台实业有限公司,深圳,无工作经验,大专,5-8千/月
DevOps运维工程师,上海益玩网络科技有限公司广州分公司,广州,3-4年经验,本科,2-2.5万/月
数据分析师,北京阳光海天停车管理有限公司,北京,无工作经验,本科,1-1.5万/月
服务器和系统运维岗,深圳市城市公共安全技术研究院有限公司,深圳-福田区,3-4年经验,本科,1-2万/月
测试工程师,广州博控自动化技术有限公司,广州-天河区,3-4年经验,大专,5-8千/月
AI 工程师,苏州睿电电子科技有限公司,苏州-工业园区,2年经验,本科,1-2万/月
（高级）财务系统专员,百胜咨询（上海）有限公司,上海-徐汇区,3-4年经验,本科,1-2万/月
研发经理,深圳市易达恒通供应链管理有限公司,深圳-福田区,3-4年经验,大专,2-2.5万/月
SAP运维主管,乐宜嘉家居集团有限公司,中山,3-4年经验,大专,1-1.5万/月
售前工程师-富春云(J10363),浙报数字文化集团股份有限公司,杭州-下城区,3-4年经验,本科,1.2-1.8万/月
云平台运维工程师,深圳市汇通合力科技股份有限公司,深圳,3-4年经验,大专,1-1.5万/月
无人车算法工程师,广州极飞科技有限公司,广州-天河区,无工作经验,硕士,1.2-2.4万/月
系统运维工程师,上海大牧汗食品股份有限公司,上海-宝山区,2年经验,本科,1-1.2万/月
自动驾驶测试工程师,合加新能源汽车有限公司,咸宁,1年经验,本科,10-15万/年
视觉及深度学习首席工程师,杭州宏景智驾科技有限公司,上海-嘉定区,5-7年经验,硕士,3-4万/月
（SFAE） 数据挖掘工程师（上海徐汇）（108626）(职位编号：108626),西门子工厂自动化工程有限公司(SFAE),上海,无工作经验,本科,
软件测试工程师,广州磐信计算机科技有限公司,广州-天河区,2年经验,大专,1-1.5万/月
嵌入式软件工程师,广州世炬网络科技有限公司,广州-越秀区,2年经验,本科,0.5-1万/月
数据分析经理,丽枫舒适酒店管理（深圳）有限公司,深圳-南山区,无工作经验,本科,1.5-2万/月
产品经理,精巧信息咨询（北京）有限公司,北京-朝阳区,2年经验,本科,1.5-3万/月
高级运维工程师  [石家庄],上海盛世锦天网络科技有限公司,石家庄,3-4年经验,本科,1-1.5万/月
图像算法工程师,深圳凌众大通智能科技有限公司,深圳-南山区,1年经验,硕士,1.5-3万/月
系统分析工程师,诺斯贝尔化妆品股份有限公司,中山,3-4年经验,大专,0.6-1.5万/月
技术美术,成都浩游网络科技有限责任公司,成都-高新区,3-4年经验,中专,1-1.5万/月
java开发工程师-研发中心,北京神州泰岳软件股份有限公司,北京-朝阳区,3-4年经验,本科,1.2-1.8万/月
大数据开发工程师,宁波小遛共享信息科技有限公司,杭州-江干区,3-4年经验,本科,1.5-4万/月
生物医学大数据工程师（初级）,慧算医疗科技（上海）有限公司,上海-浦东新区,无工作经验,招2人,6-8千/月
系统岗,金石期货有限公司上海分公司,上海-虹口区,3-4年经验,大专,0.9-1.5万/月
测试工程师,珠海宣传易网络科技有限公司,珠海,2年经验,招1人,0.7-1.2万/月
运维开发,农信银资金清算中心有限责任公司,北京,3-4年经验,本科,1.5-2万/月
php程序员,北京安宁创新网络科技股份有限公司,石家庄,1年经验,本科,4-8千/月
大数据工程师（科创南京公司）,航天科工深圳（集团）有限公司,深圳-南山区,无工作经验,招3人,1.5-2.5万/月
图像识别工程师,杭州沃朴物联科技有限公司,杭州-余杭区,2年经验,硕士,1-2万/月
软件测试工程师,陕西万德信息科技股份有限公司,长沙,2年经验,大专,0.5-1万/月
资深DBA,中国人民人寿保险股份有限公司总公司,北京,5-7年经验,本科,
精准医疗研究员,领星生物科技（上海）有限公司,上海-浦东新区,无工作经验,博士,0.8-1.2万/月
Web前端开发工程师,无锡京和信息技术有限公司,无锡,无工作经验,招1人,4.5-7千/月
量化工程师,福州微创网络科技有限公司,福州-鼓楼区,无工作经验,本科,0.5-1万/月
算法工程师,中车青岛四方车辆研究所有限公司,青岛,无工作经验,硕士,1-1.2万/月
软件测试,轩亚（福州）信息技术有限公司,福州,无工作经验,招2人,4-8千/月
测试工程师,青岛方寸微电子科技有限公司,济南-高新区,2年经验,本科,5-8千/月
软件测试工程师,杭州畅充科技有限公司,杭州,3-4年经验,本科,0.8-1万/月
IC验证资深工程师,上海视涯信息科技有限公司,上海-浦东新区,3-4年经验,本科,1.5-2.5万/月
图像处理算法工程师,深圳市优贤企业管理咨询有限公司,深圳,3-4年经验,硕士,3-4万/月
TE/PE工程师,紫光同芯微电子有限公司,北京-海淀区,无工作经验,本科,1-2万/月
大数据开发工程师(职位编号：PC1),广东联合电服数据科技股份有限公司,广州-越秀区,2年经验,大专,0.8-1.5万/月
数据分析与建模师,中国太平洋保险（集团）股份有限公司,上海-徐汇区,1年经验,本科,15-40万/年
软件开发工程师（大数据）,福建网龙计算机网络信息技术有限公司,福州-鼓楼区,3-4年经验,本科,1.1-2.2万/月
Linux 系统工程师,上海卓隽信息技术股份有限公司,上海-浦东新区,无工作经验,招3人,0.6-1.2万/月
测试工程师（XR项目）,小高德（广州）置业有限公司,广州-天河区,5-7年经验,本科,1-2万/月
创成式设计算法实习生,安世亚太科技股份有限公司,北京-朝阳区,无工作经验,硕士,3.5-5千/月
运维工程师（互联网/科技）,广州万讯网络科技有限公司,广州-天河区,3-4年经验,本科,0.6-1万/月
软件测试工程师,海能达通信股份有限公司,哈尔滨-松北区,3-4年经验,本科,10-15万/年
生物信息工程师,广州中鑫基因医学科技有限公司,广州-黄埔区,1年经验,本科,0.7-1.4万/月
大数据系统平台实施工程师,中国电子科技集团公司第十研究所,成都-金牛区,无工作经验,硕士,14-30万/年
高级/资深PHP开发工程师,广州汇量信息科技有限公司,广州-天河区,5-7年经验,本科,1.5-3万/月
高级JAVA开发工程师,上海仕聚网络科技有限公司,上海,5-7年经验,本科,1.2-1.8万/月
信息安全讲师主管(职位编号：jiaoyu001),成都国科云漫信息科技有限公司,成都-郫都区,2年经验,本科,0.8-1.2万/月
软件测试工程师,杭州宏杉科技股份有限公司,深圳-南山区,1年经验,本科,10-15万/年
软件测试工程师,聚束科技（北京）有限公司,北京-大兴区,2年经验,本科,0.8-1万/月
"Staff Voice Processing Engineer, Algorithms",楼氏电子（苏州）有限公司,上海-浦东新区,8-9年经验,本科,2.5-3万/月
恩必普药业数据运营专员(J11714),石药集团,石家庄,无工作经验,招若干人,4-6千/月
开发运维工程师,长元（上海）信息科技有限公司,上海-长宁区,无工作经验,本科,1-2.5万/月
软件实施工程师,江苏新日电动车股份有限公司,无锡-锡山区,2年经验,大专,5-8千/月
Application Engineer,索尼半导体科技（上海）有限公司,深圳,无工作经验,招1人,
信息安全-云主机安全工程师-012,北京中油瑞飞信息技术有限责任公司,北京,3-4年经验,本科,1-3万/月
计算机软件工程师(职位编号：2),武汉朗修科技有限公司,武汉-东湖新技术产业开发区,无工作经验,招若干人,0.6-1.5万/月
Automotive Electrical Engineer,科施博格（中国）投资有限公司,上海-闵行区,5-7年经验,本科,30-40万/年
云计算大数据工程师,北京技德系统技术有限公司,北京-朝阳区,无工作经验,本科,1-2万/月
Field Applications Engineer,上海遨问创业投资管理有限公司,上海-杨浦区,5-7年经验,本科,2-2.5万/月
软件测试工程师,贝壳林（成都）信息科技有限公司,成都-高新区,3-4年经验,大专,4-6千/月
Web前端开发工程师,上海孚迅机器人有限公司,上海-徐汇区,1年经验,本科,0.8-1.5万/月
数据挖掘分析专业经理-上海-02975,李宁（中国）体育用品有限公司,上海-黄浦区,5-7年经验,大专,1.2-1.6万/月
运维工程师,上海常笑健康管理咨询有限公司,常州,无工作经验,招若干人,0.8-1万/月
高级系统工程师,浙江华数广电网络股份有限公司,杭州,5-7年经验,本科,1-1.5万/月
运维工程师,深圳市连游网络科技有限公司,深圳-南山区,无工作经验,招3人,1.5-2.5万/月
教师（文化传媒方向）(职位编号：9995),西安欧亚学院,西安,2年经验,硕士,7-12万/年
AI开发工程师,深圳市智慧天下网络科技有限公司,深圳-龙岗区,3-4年经验,大专,1-2万/月
高级测试工程师,深圳新房网络科技有限公司,深圳-南山区,3-4年经验,招1人,1.5-2万/月
阿里云架构运维工程师,广州人仁股信息科技有限公司,广州-白云区,2年经验,大专,4-8千/月
高级网络工程师,上海锐岢网络科技有限公司北京分公司,北京-海淀区,10年以上经验,本科,4-5万/月
数据分析师/实习生招聘,中国人民健康保险股份有限公司深圳分公司,深圳,无工作经验,招1人,200元/天
Java开发工程师,长沙思科电子商务有限公司,长沙-岳麓区,2年经验,本科,0.6-1.2万/月
信息安全工程师,比亚迪精密制造有限公司,深圳-龙岗区,1年经验,大专,0.8-1.2万/月
计算机视觉算法工程师,平安国际融资租赁有限公司,上海,无工作经验,硕士,
0010 无线网优化支撑岗(珠海)(职位编号：20190130-76),中国电信国际公司,珠海,无工作经验,本科,
游戏服务器程序员,广州视加科技有限公司,广州-海珠区,3-4年经验,招1人,1.7-2.5万/月
研发工程师(前端/后端/数据研发）(职位编号：003),长兴慧源有限公司,湖州,1年经验,本科,0.8-1.3万/月
图像识别工程师,江苏英诺华医疗技术有限公司,南京-江宁区,2年经验,本科,0.8-1.5万/月
系统测试工程师（深圳）(职位编号：Galanz000634),广东格兰仕集团有限公司,深圳,3-4年经验,本科,15-25万/年
大数据开发工程师,深圳柯华创想科技有限公司,广州-天河区,2年经验,本科,1-1.5万/月
高级运维工程师,深圳弘广商科技有限公司,深圳-南山区,3-4年经验,大专,1.5-2万/月
安全驻场运维工程师,华青融天（北京）软件股份有限公司深圳分公司,深圳-南山区,2年经验,本科,1.1-1.5万/月
工控软件工程师,AAC Technologies Holdings Inc.,南京-栖霞区,无工作经验,招2人,1.2-2万/月
网站运营专员,北京梦想环球国际形象设计有限公司多微美医疗美容诊所,北京-东城区,1年经验,大专,0.8-1万/月
数据分析师,广东慕信信息科技有限公司,东莞-南城区,无工作经验,招1人,0.5-1万/月
自动化测试工程师,南京欣威视通信息科技股份有限公司,南京-雨花台区,无工作经验,大专,0.5-1万/月
ETL开发工程师,NOME-广州诺米品牌管理有限公司,广州-海珠区,3-4年经验,大专,1.3-1.7万/月
数据运维专员,无锡柠檬科技服务有限公司,无锡-无锡新区,无工作经验,招若干人,3.5-6千/月
Programmer Specialist 程序员(005038)(职位编号：005038),和睦家医疗,北京-朝阳区,3-4年经验,本科,
算法工程师,广州抖零科技有限公司,广州-越秀区,无工作经验,本科,0.8-1万/月
数据开发工程师（知识图谱/搜索系统）,上海东方企业信用征信有限公司,上海,无工作经验,招若干人,2-3万/月
高级算法工程师（机器学习）,上海企创信息科技有限公司,上海-普陀区,2年经验,本科,1.5-2万/月
2621C6-创新风险管理经理（小微/零售）(职位编号：2621C6),平安国际融资租赁有限公司,上海-浦东新区,3-4年经验,本科,20-30万/年
人脸识别产品工程师,广东顺畅科技有限公司,江门,3-4年经验,招1人,1-1.5万/月
软件测试工程师,深圳鹏开信息技术有限公司,深圳-罗湖区,3-4年经验,大专,0.8-1万/月
生物信息工程师,至本医疗科技（上海）有限公司,上海-闵行区,无工作经验,本科,1-2万/月
软件开发（AGV）,博众精工科技股份有限公司,苏州-吴江区,1年经验,大专,6-8千/月
